Rk,Player,Pos,Age,Tm,G,GS,MP,FG,FGA,FG%,3P,3PA,3P%,2P,2PA,2P%,eFG%,FT,FTA,FT%,ORB,DRB,TRB,AST,STL,BLK,TOV,PF,PTS,Year
1,Precious Achiuwa,C,24,TOR,8,0,20.4,3.3,7.3,.448,0.5,2.0,.250,2.8,5.3,.524,.483,0.8,1.1,.667,1.9,4.6,6.5,2.0,0.4,0.4,1.3,1.9,7.8,2024
2,Bam Adebayo,C,26,MIA,13,13,34.4,8.3,15.5,.537,0.1,0.2,.500,8.2,15.3,.538,.540,6.2,7.5,.825,2.2,8.0,10.2,4.1,1.3,1.1,2.7,2.4,22.8,2024
3,Ochai Agbaji,SG,23,UTA,13,5,19.1,1.8,4.1,.434,1.0,2.5,.406,0.8,1.6,.476,.557,0.2,0.3,.500,1.0,1.9,2.9,0.9,0.4,0.8,0.6,1.6,4.7,2024
4,Santi Aldama,PF,23,MEM,7,1,25.7,5.9,12.9,.456,2.1,5.7,.375,3.7,7.1,.520,.539,0.9,1.7,.500,1.3,5.1,6.4,2.6,0.7,0.7,1.7,1.4,14.7,2024
5,Nickeil Alexander-Walker,SG,25,MIN,13,2,20.8,2.2,5.2,.426,1.2,3.3,.372,1.0,1.9,.520,.544,0.2,0.5,.333,0.2,1.7,1.8,2.5,0.8,0.8,0.9,1.5,5.8,2024
6,Grayson Allen,SG,28,PHO,13,13,31.9,4.3,9.0,.479,2.7,5.5,.493,1.6,3.5,.457,.628,1.0,1.1,.929,0.9,3.8,4.7,2.7,0.5,0.5,1.7,2.4,12.3,2024
7,Jarrett Allen,C,25,CLE,8,8,27.0,4.1,6.5,.635,0.0,0.0,,4.1,6.5,.635,.635,3.8,5.1,.732,2.8,4.4,7.1,2.1,0.5,1.4,1.8,2.3,12.0,2024
8,Jose Alvarado,PG,25,NOP,1,0,15.0,2.0,5.0,.400,1.0,3.0,.333,1.0,2.0,.500,.500,0.0,0.0,,0.0,0.0,0.0,3.0,0.0,0.0,2.0,0.0,5.0,2024
9,Kyle Anderson,PF,30,MIN,13,0,24.8,3.1,5.5,.556,0.2,0.8,.200,2.9,4.8,.613,.569,1.3,2.1,.630,0.7,3.0,3.7,4.2,1.1,0.9,1.8,1.5,7.6,2024
10,Giannis Antetokounmpo,PF,29,MIL,13,13,32.7,11.8,19.1,.621,0.5,2.1,.259,11.3,17.0,.665,.635,6.0,9.7,.619,2.4,7.8,10.2,4.6,1.0,1.2,4.2,3.0,30.2,2024
11,Thanasis Antetokounmpo,PF,31,MIL,6,0,6.7,0.5,1.3,.375,0.0,0.0,,0.5,1.3,.375,.375,0.0,0.0,,0.3,0.0,0.3,0.7,0.2,0.2,0.7,1.2,1.0,2024
12,Cole Anthony,PG,23,ORL,13,0,24.8,4.2,10.2,.409,1.4,4.0,.346,2.8,6.2,.450,.477,3.7,4.4,.842,0.9,3.6,4.5,3.1,0.7,0.3,2.4,2.7,13.4,2024
13,OG Anunoby,SF,26,TOR,9,9,30.9,5.8,12.1,.477,2.6,6.9,.371,3.2,5.2,.617,.583,1.4,2.3,.619,0.7,3.4,4.1,1.9,1.3,0.6,1.6,2.3,15.6,2024
14,Ryan Arcidiacono,PG,29,NYK,5,0,2.2,0.0,0.2,.000,0.0,0.2,.000,0.0,0.0,,.000,0.0,0.0,,0.0,0.4,0.4,0.0,0.0,0.0,0.0,0.0,0.0,2024
15,Deni Avdija,SF,23,WAS,13,13,27.5,5.1,9.5,.532,1.2,3.0,.410,3.8,6.5,.588,.597,1.3,1.7,.773,1.3,4.2,5.5,3.6,1.2,0.4,1.5,2.6,12.7,2024
16,Deandre Ayton,C,25,POR,13,13,31.5,5.8,10.3,.567,0.0,0.0,,5.8,10.3,.567,.567,0.5,0.7,.778,3.1,7.9,11.0,1.4,1.5,0.8,2.0,2.8,12.2,2024
17,Udoka Azubuike,C,24,PHO,2,0,4.5,0.5,0.5,1.000,0.0,0.0,,0.5,0.5,1.000,1.000,0.0,0.0,,0.0,2.0,2.0,0.0,0.0,0.0,0.0,0.5,1.0,2024
18,Marvin Bagley III,C,24,DET,15,5,19.5,4.3,7.3,.591,0.1,0.3,.200,4.3,7.0,.610,.595,2.5,2.8,.905,1.8,3.3,5.1,1.3,0.1,0.5,1.3,1.7,11.3,2024
19,Amari Bailey,PG,19,CHO,1,0,3.0,1.0,3.0,.333,0.0,0.0,,1.0,3.0,.333,.333,0.0,0.0,,2.0,0.0,2.0,0.0,0.0,0.0,0.0,0.0,2.0,2024
20,Patrick Baldwin Jr.,SF,21,WAS,3,0,3.7,0.0,0.7,.000,0.0,0.3,.000,0.0,0.3,.000,.000,0.0,0.0,,0.0,0.3,0.3,0.3,0.0,0.0,0.0,0.3,0.0,2024
21,LaMelo Ball,PG,22,CHO,13,13,34.4,8.9,20.1,.444,3.5,8.8,.391,5.5,11.2,.486,.531,4.0,4.6,.867,1.6,4.0,5.6,8.3,1.5,0.3,4.2,3.8,25.3,2024
22,Mo Bamba,C,25,PHI,5,0,2.4,0.4,0.8,.500,0.0,0.0,,0.4,0.8,.500,.500,0.6,0.6,1.000,0.4,0.8,1.2,0.0,0.2,0.4,0.6,0.6,1.4,2024
23,Paolo Banchero,PF,21,ORL,13,13,33.2,6.5,14.0,.467,1.1,2.8,.389,5.5,11.2,.486,.505,4.5,6.9,.656,1.5,5.3,6.8,4.5,1.3,0.5,3.4,2.3,18.7,2024
24,Desmond Bane,SG,25,MEM,13,13,34.8,9.4,20.6,.455,3.6,9.6,.376,5.8,11.0,.524,.543,3.5,4.0,.865,0.9,3.4,4.3,4.8,1.4,0.8,2.5,3.1,25.8,2024
25,Dalano Banton,PG,24,BOS,5,0,7.2,1.2,2.6,.462,0.0,0.6,.000,1.2,2.0,.600,.462,0.6,0.6,1.000,0.8,1.4,2.2,0.4,0.4,0.0,0.2,1.0,3.0,2024
26,Dominick Barlow,PF,20,SAS,5,0,4.6,0.4,1.0,.400,0.0,0.0,,0.4,1.0,.400,.400,0.4,0.8,.500,0.0,0.6,0.6,0.0,0.0,0.0,0.0,0.2,1.2,2024
27,Harrison Barnes,PF,31,SAC,13,13,30.7,3.8,8.3,.454,1.8,4.9,.359,2.0,3.4,.591,.560,2.2,2.7,.800,0.7,2.3,3.0,1.5,0.8,0.1,0.8,1.1,11.5,2024
28,Scottie Barnes,SG,22,TOR,13,13,34.6,7.6,15.9,.478,2.0,5.1,.394,5.6,10.8,.518,.541,2.8,3.8,.755,2.7,6.2,8.9,6.0,1.5,1.5,2.5,2.2,20.1,2024
29,RJ Barrett,SG,23,NYK,9,9,29.6,7.1,15.7,.454,2.7,5.4,.490,4.4,10.2,.435,.539,3.9,4.7,.833,0.7,3.1,3.8,2.9,0.7,0.2,2.2,1.4,20.8,2024
30,Charles Bassey,C,23,SAS,14,0,11.2,1.6,2.2,.710,0.0,0.1,.000,1.6,2.1,.733,.710,0.1,0.2,.667,1.4,2.8,4.1,1.0,0.6,0.7,0.7,1.5,3.3,2024
31,Emoni Bates,SF,20,CLE,6,0,6.2,0.5,1.7,.300,0.3,1.2,.286,0.2,0.5,.333,.400,0.2,0.3,.500,0.2,1.2,1.3,0.2,0.0,0.2,0.2,0.2,1.5,2024
32,Keita Bates-Diop,SF,28,PHO,10,4,21.1,2.3,5.3,.434,0.7,2.2,.318,1.6,3.1,.516,.500,0.9,1.3,.692,1.2,2.4,3.6,1.1,0.7,1.1,0.1,1.5,6.2,2024
33,Nicolas Batum,PF,35,TOT,8,2,22.6,1.8,3.0,.583,1.4,2.6,.524,0.4,0.4,1.000,.813,0.0,0.0,,0.6,2.6,3.3,1.5,0.8,1.0,0.3,2.0,4.9,2024
33,Nicolas Batum,PF,35,LAC,3,0,18.0,1.0,2.7,.375,0.7,2.3,.286,0.3,0.3,1.000,.500,0.0,0.0,,0.0,2.3,2.3,1.7,1.0,1.3,0.3,1.7,2.7,2024
33,Nicolas Batum,PF,35,PHI,5,2,25.4,2.2,3.2,.688,1.8,2.8,.643,0.4,0.4,1.000,.969,0.0,0.0,,1.0,2.8,3.8,1.4,0.6,0.8,0.2,2.2,6.2,2024
34,Bradley Beal,SG,30,PHO,3,3,28.7,6.0,15.3,.391,1.7,5.0,.333,4.3,10.3,.419,.446,3.7,5.3,.688,1.0,4.3,5.3,3.7,0.7,0.3,3.0,3.0,17.3,2024
35,Malik Beasley,SG,27,MIL,14,14,27.1,3.9,7.9,.495,2.7,5.8,.469,1.2,2.1,.567,.667,0.6,0.9,.667,0.4,3.4,3.8,1.4,0.9,0.0,0.6,2.1,11.1,2024
36,MarJon Beauchamp,SF,23,MIL,10,0,16.7,2.6,5.1,.510,1.1,2.5,.440,1.5,2.6,.577,.618,0.5,0.8,.625,0.8,1.5,2.3,1.0,0.3,0.1,0.7,1.7,6.8,2024
37,Dāvis Bertāns,PF,31,OKC,4,0,9.0,0.5,2.5,.200,0.5,2.5,.200,0.0,0.0,,.300,1.5,1.5,1.000,0.0,0.8,0.8,0.8,0.3,0.3,0.0,0.8,3.0,2024
38,Patrick Beverley,PG,35,PHI,13,0,15.6,0.8,2.7,.314,0.2,1.3,.118,0.7,1.4,.500,.343,0.2,0.4,.600,0.8,2.1,2.9,1.9,0.4,0.4,0.5,2.0,2.1,2024
39,Saddiq Bey,SF,24,ATL,12,3,27.9,4.5,9.1,.495,1.8,4.6,.382,2.8,4.5,.611,.592,1.5,1.8,.857,2.0,3.4,5.4,1.2,1.1,0.3,1.5,1.3,12.3,2024
40,Goga Bitadze,C,24,ORL,11,8,17.7,2.6,4.4,.604,0.0,0.3,.000,2.6,4.1,.644,.604,1.8,2.5,.741,2.1,3.4,5.5,1.1,0.9,1.4,0.5,2.3,7.1,2024
41,Onuralp Bitim,SG,24,CHI,1,0,3.0,0.0,0.0,,0.0,0.0,,0.0,0.0,,,0.0,0.0,,0.0,0.0,0.0,0.0,0.0,0.0,0.0,0.0,0.0,2024
42,Bismack Biyombo,C,31,MEM,8,7,24.3,3.1,5.3,.595,0.0,0.0,,3.1,5.3,.595,.595,1.4,2.3,.611,4.0,4.4,8.4,1.9,0.4,1.0,0.6,3.5,7.6,2024
43,Anthony Black,PG,20,ORL,11,7,19.5,2.1,4.1,.511,0.5,1.5,.294,1.6,2.5,.643,.567,1.0,1.5,.688,0.7,1.5,2.2,1.4,0.4,0.5,1.1,2.0,5.6,2024
44,Leaky Black,SF,24,CHO,3,0,4.0,0.7,1.7,.400,0.3,0.7,.500,0.3,1.0,.333,.500,0.0,0.0,,0.0,0.7,0.7,0.3,0.0,0.7,0.0,0.3,1.7,2024
45,Bogdan Bogdanović,SG,31,ATL,12,1,26.0,5.3,12.2,.432,2.9,8.3,.354,2.3,3.9,.596,.551,1.2,1.3,.933,0.3,2.3,2.7,3.0,1.6,0.4,1.3,2.0,14.6,2024
46,Bol Bol,PF,24,PHO,3,0,2.3,0.3,0.3,1.000,0.0,0.0,,0.3,0.3,1.000,1.000,0.0,0.0,,0.0,0.3,0.3,0.0,0.0,0.3,0.7,0.0,0.7,2024
47,Marques Bolden,C,25,MIL,1,0,3.0,0.0,0.0,,0.0,0.0,,0.0,0.0,,,0.0,0.0,,0.0,2.0,2.0,0.0,0.0,0.0,0.0,1.0,0.0,2024
48,Devin Booker,SG,27,PHO,5,5,34.0,10.0,19.6,.510,2.8,6.4,.438,7.2,13.2,.545,.582,6.0,6.4,.938,0.8,4.8,5.6,9.8,0.2,0.2,3.4,3.6,28.8,2024
49,Chris Boucher,PF,31,TOR,11,0,16.8,2.5,5.2,.474,0.8,1.8,.450,1.6,3.4,.486,.553,1.8,2.3,.800,1.6,3.7,5.4,0.5,0.3,0.7,0.5,2.4,7.5,2024
50,Jamaree Bouyea,PG,24,POR,5,0,11.2,1.0,4.2,.238,0.0,1.6,.000,1.0,2.6,.385,.238,0.0,0.0,,0.4,1.4,1.8,1.6,0.0,0.0,1.4,0.6,2.0,2024
51,Malaki Branham,SG,20,SAS,14,3,20.6,3.6,8.4,.436,0.9,3.1,.295,2.7,5.2,.521,.491,0.6,0.6,.889,0.1,1.1,1.3,2.4,0.4,0.1,1.1,1.3,8.8,2024
52,Christian Braun,SG,22,DEN,14,0,21.1,3.7,7.6,.491,0.7,1.9,.385,3.0,5.7,.525,.538,1.3,1.9,.667,1.0,3.4,4.4,2.0,0.4,0.3,0.6,1.5,9.4,2024
53,Mikal Bridges,SF,27,BRK,13,13,34.0,7.5,16.2,.464,1.9,6.2,.313,5.6,10.1,.557,.524,3.3,3.9,.843,1.2,4.6,5.8,3.8,1.1,0.4,2.5,1.8,20.3,2024
54,Miles Bridges,SF,25,CHO,3,1,36.7,5.7,12.7,.447,1.7,4.3,.385,4.0,8.3,.480,.513,3.7,4.0,.917,0.0,8.0,8.0,4.0,1.3,0.3,1.3,1.3,16.7,2024
55,Oshae Brissett,SF,25,BOS,7,0,12.0,0.4,2.4,.176,0.1,1.3,.111,0.3,1.1,.250,.206,1.0,1.4,.700,1.1,1.9,3.0,0.4,0.6,0.0,0.3,1.0,2.0,2024
56,Malcolm Brogdon,PG,31,POR,8,3,27.8,6.1,15.1,.405,2.0,5.9,.340,4.1,9.3,.446,.471,3.0,3.8,.800,1.0,3.8,4.8,5.5,0.8,0.0,1.6,1.4,17.3,2024
57,Armoni Brooks,PG,25,BRK,3,0,12.0,2.0,4.0,.500,1.7,3.0,.556,0.3,1.0,.333,.708,0.0,0.0,,0.3,1.7,2.0,0.0,0.0,0.0,0.3,0.0,5.7,2024
58,Dillon Brooks,SF,28,HOU,12,12,31.8,5.0,9.8,.508,2.0,4.0,.500,3.0,5.8,.514,.610,1.9,2.3,.821,0.7,3.3,3.9,1.9,1.3,0.1,1.8,3.9,13.9,2024
59,Bruce Brown,SG,27,IND,12,12,30.8,4.3,9.2,.464,1.4,3.7,.386,2.8,5.5,.515,.541,1.3,1.5,.889,0.7,3.9,4.6,2.6,0.9,0.4,0.9,2.1,11.3,2024
60,Jaylen Brown,SF,27,BOS,13,13,33.8,8.0,17.8,.448,2.5,7.2,.340,5.5,10.6,.522,.517,2.8,3.9,.725,0.5,4.5,5.0,3.2,1.0,0.5,2.5,2.9,21.3,2024
61,Kobe Brown,PF,24,LAC,6,0,8.7,1.2,2.3,.500,0.5,1.3,.375,0.7,1.0,.667,.607,0.0,0.0,,0.3,1.0,1.3,0.3,0.2,0.2,0.2,1.3,2.8,2024
62,Moses Brown,C,24,POR,2,0,6.5,1.5,2.0,.750,0.0,0.0,,1.5,2.0,.750,.750,0.0,1.0,.000,1.5,0.5,2.0,0.5,0.5,0.5,0.0,0.5,3.0,2024
63,Troy Brown Jr.,SF,24,MIN,9,0,8.3,0.4,2.0,.222,0.1,1.1,.100,0.3,0.9,.375,.250,1.3,1.3,1.000,0.4,1.9,2.3,0.7,0.3,0.0,0.3,0.4,2.3,2024
64,Jalen Brunson,PG,27,NYK,14,14,35.2,8.4,19.1,.438,3.2,6.7,.479,5.1,12.4,.416,.522,4.3,4.9,.870,0.7,2.7,3.4,5.1,0.8,0.0,2.0,1.9,24.2,2024
65,Thomas Bryant,C,26,MIA,10,1,12.5,2.1,4.0,.525,0.0,0.2,.000,2.1,3.8,.553,.525,1.0,1.3,.769,1.1,2.6,3.7,0.6,0.4,0.3,1.0,1.2,5.2,2024
66,Kobe Bufkin,SG,20,ATL,2,0,2.0,0.0,1.5,.000,0.0,0.5,.000,0.0,1.0,.000,.000,0.5,1.0,.500,0.5,0.5,1.0,0.0,0.0,0.0,0.0,0.0,0.5,2024
67,Reggie Bullock,SF,32,HOU,6,0,10.0,0.3,1.7,.200,0.3,1.5,.222,0.0,0.2,.000,.300,0.0,0.0,,0.2,1.8,2.0,0.5,0.2,0.2,0.3,0.7,1.0,2024
68,Alec Burks,SG,32,DET,9,0,23.2,3.6,9.6,.372,2.6,6.3,.404,1.0,3.2,.310,.506,3.6,4.2,.842,0.7,2.4,3.1,2.4,0.4,0.3,0.3,2.0,13.2,2024
69,Jared Butler,SG,23,WAS,4,0,3.0,0.3,1.0,.250,0.3,0.8,.333,0.0,0.3,.000,.375,0.0,0.0,,0.0,0.0,0.0,0.3,0.0,0.0,0.3,0.0,0.8,2024
70,Jimmy Butler,PF,34,MIA,12,12,33.4,6.7,14.1,.473,1.1,2.6,.419,5.6,11.5,.486,.512,7.0,8.0,.875,2.2,3.2,5.3,3.7,1.3,0.5,1.8,0.8,21.4,2024
71,Jamal Cain,PF,24,MIA,3,0,10.0,1.3,3.0,.444,0.0,1.3,.000,1.3,1.7,.800,.444,0.0,0.0,,1.0,1.0,2.0,0.0,1.0,0.0,0.3,0.7,2.7,2024
72,Kentavious Caldwell-Pope,SG,30,DEN,14,14,33.8,3.6,7.9,.455,1.6,3.9,.426,1.9,4.0,.482,.559,1.4,1.6,.909,0.4,1.5,1.9,2.4,1.6,0.6,1.2,2.2,10.2,2024
73,Toumani Camara,PF,23,POR,13,4,24.5,2.0,5.6,.356,0.6,2.6,.235,1.4,3.0,.462,.411,1.0,1.5,.684,1.8,2.5,4.3,1.2,0.8,0.7,1.1,2.5,5.6,2024
74,Clint Capela,C,29,ATL,12,12,25.4,4.3,7.1,.600,0.0,0.0,,4.3,7.1,.600,.600,1.7,2.6,.645,3.8,6.0,9.8,1.0,0.8,1.6,0.7,2.3,10.2,2024
75,Jevon Carter,PG,28,CHI,15,0,14.4,2.3,5.6,.405,1.5,3.7,.411,0.7,1.9,.393,.542,0.0,0.1,.000,0.1,0.5,0.5,1.1,0.5,0.3,0.7,1.3,6.1,2024
76,Wendell Carter Jr.,C,24,ORL,5,5,29.4,3.4,9.0,.378,1.0,3.2,.313,2.4,5.8,.414,.433,1.6,2.8,.571,2.2,6.4,8.6,1.6,0.6,0.4,1.6,2.8,9.4,2024
77,Alex Caruso,SG,29,CHI,13,3,24.2,3.4,5.8,.587,1.6,3.2,.500,1.8,2.5,.697,.727,1.5,1.9,.760,1.3,2.2,3.5,2.4,1.5,0.9,1.2,2.7,9.8,2024
78,Colin Castleton,C,23,LAL,2,0,9.5,1.0,2.0,.500,0.0,0.0,,1.0,2.0,.500,.500,0.0,0.0,,1.0,0.5,1.5,1.0,0.0,0.0,0.0,2.5,2.0,2024
79,Malcolm Cazalon,SG,22,DET,1,0,3.0,0.0,0.0,,0.0,0.0,,0.0,0.0,,,0.0,0.0,,0.0,0.0,0.0,0.0,0.0,0.0,0.0,0.0,0.0,2024
80,Julian Champagnie,SF,22,SAS,9,4,15.0,1.6,5.6,.280,1.0,3.6,.281,0.6,2.0,.278,.370,0.6,0.7,.833,0.3,1.3,1.7,1.0,0.7,0.9,1.0,0.6,4.7,2024
81,Max Christie,SG,20,LAL,9,0,12.6,1.0,3.3,.300,0.2,1.2,.182,0.8,2.1,.368,.333,0.4,0.6,.800,0.2,2.3,2.6,0.6,0.3,0.1,0.8,1.0,2.7,2024
82,Sidy Cissoko,SF,19,SAS,1,0,4.0,0.0,0.0,,0.0,0.0,,0.0,0.0,,,0.0,0.0,,0.0,0.0,0.0,0.0,0.0,0.0,1.0,0.0,0.0,2024
83,Jordan Clarkson,SG,31,UTA,13,13,32.4,7.2,16.9,.427,1.9,5.9,.325,5.3,11.0,.483,.484,3.2,3.8,.837,1.5,2.1,3.6,4.8,1.0,0.2,3.1,1.7,19.5,2024
84,Nic Claxton,C,24,BRK,5,5,25.0,4.6,7.0,.657,0.0,0.0,,4.6,7.0,.657,.657,1.0,2.0,.500,2.2,6.0,8.2,1.8,0.4,2.6,0.8,2.4,10.2,2024
85,Amir Coffey,SF,26,LAC,6,0,6.8,0.3,1.5,.222,0.0,0.3,.000,0.3,1.2,.286,.222,0.7,0.7,1.000,0.0,0.5,0.5,0.3,0.0,0.0,0.3,0.3,1.3,2024
86,John Collins,PF,26,UTA,13,13,32.4,5.5,11.0,.503,1.6,3.6,.447,3.9,7.4,.531,.577,2.2,3.1,.725,2.8,6.1,8.9,0.9,0.7,1.0,1.2,3.5,14.9,2024
87,Zach Collins,C,26,SAS,14,14,29.7,5.7,10.6,.537,1.1,3.9,.296,4.6,6.8,.674,.591,2.4,3.1,.767,1.9,4.2,6.1,3.7,0.8,0.9,2.8,3.5,14.9,2024
88,Mike Conley,PG,36,MIN,13,13,28.8,3.8,7.8,.485,1.9,4.6,.417,1.8,3.2,.585,.609,1.1,1.1,1.000,0.6,2.3,2.9,5.1,0.8,0.2,0.8,1.9,10.5,2024
89,Pat Connaughton,SF,31,MIL,14,0,23.9,2.2,5.3,.419,1.2,3.5,.347,1.0,1.8,.560,.534,0.6,0.7,.800,0.7,2.9,3.6,2.4,0.5,0.1,0.7,1.2,6.2,2024
90,Bilal Coulibaly,SF,19,WAS,13,1,26.1,3.2,6.1,.519,1.4,3.0,.462,1.8,3.1,.575,.633,0.8,1.4,.556,0.5,3.5,3.9,1.9,1.0,0.8,1.2,1.9,8.5,2024
91,Robert Covington,SF-PF,33,TOT,13,6,17.1,1.5,3.7,.417,0.5,2.2,.250,1.0,1.5,.650,.490,0.7,0.8,.900,1.1,1.7,2.8,1.0,1.6,0.5,0.2,1.8,4.3,2024
91,Robert Covington,PF,33,LAC,3,3,23.0,1.0,3.0,.333,0.7,2.7,.250,0.3,0.3,1.000,.444,0.3,0.7,.500,0.7,2.0,2.7,2.3,2.0,0.7,0.0,2.3,3.0,2024
91,Robert Covington,SF,33,PHI,10,3,15.3,1.7,3.9,.436,0.5,2.0,.250,1.2,1.9,.632,.500,0.8,0.8,1.000,1.2,1.6,2.8,0.6,1.5,0.5,0.3,1.6,4.7,2024
92,Torrey Craig,SF,33,CHI,15,7,22.3,2.0,5.0,.400,0.7,2.5,.297,1.3,2.5,.500,.473,0.3,0.3,1.000,1.8,3.3,5.1,1.3,0.7,0.3,0.5,2.5,5.1,2024
93,Jae Crowder,PF,33,MIL,9,2,26.7,2.8,5.2,.532,1.8,3.4,.516,1.0,1.8,.563,.702,0.8,1.3,.583,0.4,3.4,3.9,1.7,0.8,0.3,0.4,1.6,8.1,2024
94,Cade Cunningham,PG,22,DET,15,15,35.5,7.9,19.6,.405,1.9,6.0,.322,6.0,13.6,.441,.454,3.6,4.1,.871,0.6,3.1,3.7,7.3,0.8,0.3,4.8,3.2,21.4,2024
95,Seth Curry,SG,33,DAL,10,0,10.1,1.2,2.8,.429,0.4,1.5,.267,0.8,1.3,.615,.500,0.6,0.7,.857,0.3,1.0,1.3,0.8,0.6,0.1,0.4,0.6,3.4,2024
96,Stephen Curry,PG,35,GSW,13,13,33.2,9.3,19.2,.484,5.5,12.2,.453,3.8,7.0,.538,.628,6.2,6.7,.931,0.8,4.1,4.8,3.6,0.8,0.2,3.6,1.6,30.4,2024
97,Dyson Daniels,PG,20,NOP,14,7,27.5,3.4,7.2,.465,1.0,3.0,.333,2.4,4.2,.559,.535,0.8,1.4,.579,1.1,3.8,4.9,3.9,1.4,0.4,1.4,2.0,8.5,2024
98,Anthony Davis,C,30,LAL,13,13,35.7,8.2,15.5,.530,0.2,0.8,.300,8.0,14.8,.542,.537,5.3,6.2,.863,3.1,8.6,11.7,3.3,0.9,3.3,2.2,3.2,22.0,2024
99,Johnny Davis,SG,21,WAS,8,0,8.9,1.8,3.3,.538,0.1,0.3,.500,1.6,3.0,.542,.558,0.3,0.4,.667,0.4,0.8,1.1,0.4,0.6,0.1,0.3,0.8,3.9,2024
100,DeMar DeRozan,SF,34,CHI,14,14,35.3,7.4,16.5,.450,0.9,2.4,.382,6.5,14.1,.462,.478,5.2,6.4,.811,1.0,2.2,3.2,4.4,1.0,0.9,1.1,1.9,21.0,2024
101,Moussa Diabaté,C,22,LAC,7,0,7.0,1.3,2.3,.563,0.0,0.0,,1.3,2.3,.563,.563,0.9,1.1,.750,1.7,0.7,2.4,0.6,0.4,0.0,0.3,0.6,3.4,2024
102,Gradey Dick,SG,20,TOR,13,1,15.4,1.2,4.5,.271,0.7,2.9,.237,0.5,1.6,.333,.347,0.9,0.9,1.000,0.5,0.9,1.5,1.0,0.3,0.0,0.8,1.7,4.1,2024
103,Ousmane Dieng,PF,20,OKC,10,0,11.3,1.3,3.4,.382,0.7,2.5,.280,0.6,0.9,.667,.485,0.3,0.4,.750,0.5,1.5,2.0,0.9,0.1,0.0,0.4,0.6,3.6,2024
104,Spencer Dinwiddie,PG,30,BRK,12,12,28.4,3.9,9.4,.416,2.3,5.9,.380,1.7,3.5,.476,.535,2.2,3.2,.684,0.3,3.2,3.5,5.3,0.3,0.2,1.4,1.4,12.3,2024
105,Donte DiVincenzo,SG,27,NYK,14,2,21.0,3.1,7.5,.419,1.9,5.1,.380,1.2,2.4,.500,.548,0.6,1.0,.643,1.0,2.1,3.1,2.0,1.0,0.4,1.1,1.6,8.9,2024
106,Luka Dončić,PG,24,DAL,14,14,34.6,10.4,20.9,.500,4.1,9.6,.422,6.4,11.2,.567,.598,5.6,7.6,.745,0.7,7.3,8.0,8.1,1.1,0.4,4.1,1.6,30.6,2024
107,Luguentz Dort,SF,24,OKC,14,14,28.6,3.8,7.9,.477,2.0,4.4,.459,1.8,3.6,.500,.604,2.1,2.6,.811,1.1,3.1,4.2,1.1,1.1,0.9,0.9,2.6,11.7,2024
108,Ayo Dosunmu,SG,24,CHI,13,0,14.8,1.8,3.9,.471,0.7,1.8,.375,1.2,2.1,.556,.559,0.7,0.8,.900,0.5,1.0,1.5,1.2,0.4,0.1,0.5,1.2,5.1,2024
109,Andre Drummond,C,30,CHI,15,0,13.8,2.5,4.5,.559,0.0,0.1,.000,2.5,4.5,.567,.559,1.1,1.7,.640,2.5,3.7,6.2,0.7,1.3,0.3,1.1,1.5,6.1,2024
110,Chris Duarte,SF,26,SAC,13,1,14.5,1.6,4.2,.382,0.9,2.6,.353,0.7,1.6,.429,.491,0.6,0.8,.727,0.1,1.8,1.9,1.1,0.7,0.1,0.6,2.7,4.8,2024
111,Kris Dunn,PG,29,UTA,10,0,10.3,1.3,3.2,.406,0.3,0.8,.375,1.0,2.4,.417,.453,0.4,0.6,.667,0.3,1.5,1.8,2.0,0.5,0.0,1.1,1.3,3.3,2024
112,Kevin Durant,PF,35,PHO,13,13,37.2,10.8,20.5,.528,2.3,4.7,.492,8.5,15.8,.539,.584,7.4,8.5,.873,0.4,6.8,7.2,5.5,0.8,1.2,3.9,1.7,31.4,2024
113,Jalen Duren,C,20,DET,8,8,28.9,5.8,9.3,.622,0.0,0.1,.000,5.8,9.1,.630,.622,1.1,1.5,.750,3.5,7.1,10.6,3.1,0.6,1.1,2.8,3.5,12.6,2024
114,Tari Eason,PF,22,HOU,5,0,17.2,3.0,6.6,.455,0.6,1.8,.333,2.4,4.8,.500,.500,0.0,0.4,.000,1.6,4.6,6.2,0.8,0.4,1.2,0.6,2.0,6.6,2024
115,Anthony Edwards,SG,22,MIN,13,13,35.3,9.5,20.4,.464,2.5,6.6,.372,7.0,13.8,.508,.525,4.4,5.2,.838,0.8,5.1,5.9,5.1,1.4,0.3,3.5,1.8,25.8,2024
116,Kessler Edwards,SF,23,SAC,10,0,6.0,0.2,1.1,.182,0.2,0.8,.250,0.0,0.3,.000,.273,0.1,0.2,.500,0.1,0.9,1.0,0.4,0.1,0.2,0.1,0.7,0.7,2024
117,Keon Ellis,SG,24,SAC,9,2,12.1,1.1,2.9,.385,0.6,2.2,.250,0.6,0.7,.833,.481,0.7,1.2,.545,0.4,1.3,1.8,0.9,0.7,0.4,0.7,1.1,3.4,2024
118,Joel Embiid,C,29,PHI,13,13,34.1,10.7,21.3,.502,1.1,3.4,.318,9.6,17.9,.536,.527,9.5,10.7,.885,3.2,8.0,11.2,6.2,0.9,1.5,3.5,2.7,31.9,2024
119,Drew Eubanks,C,26,PHO,13,0,18.8,3.2,4.9,.656,0.2,0.2,1.000,3.1,4.8,.645,.672,1.2,1.5,.789,1.4,3.2,4.5,1.8,0.2,1.2,1.2,2.0,7.8,2024
120,Dante Exum,PG,28,DAL,13,0,9.8,2.0,3.8,.520,0.2,0.9,.250,1.8,2.9,.605,.550,0.3,0.5,.571,0.3,1.8,2.1,1.5,0.2,0.2,0.2,1.0,4.5,2024
121,Bruno Fernando,C,25,ATL,3,0,2.3,0.0,0.3,.000,0.0,0.3,.000,0.0,0.0,,.000,0.0,0.0,,0.0,0.0,0.0,0.0,0.0,0.0,0.7,0.7,0.0,2024
122,Dorian Finney-Smith,PF,30,BRK,13,12,30.2,4.2,8.9,.466,2.8,6.3,.451,1.3,2.6,.500,.625,0.1,0.2,.333,1.8,3.3,5.2,1.4,0.3,0.6,1.1,2.5,11.2,2024
123,Malachi Flynn,PG,25,TOR,13,0,16.9,2.1,4.8,.435,1.0,2.7,.371,1.1,2.1,.519,.540,0.5,0.8,.700,0.5,1.3,1.8,2.5,0.8,0.1,1.1,1.5,5.7,2024
124,Simone Fontecchio,SF,28,UTA,11,0,11.7,1.8,3.8,.476,1.1,2.5,.429,0.7,1.3,.571,.619,0.0,0.0,,0.6,1.1,1.7,0.4,0.2,0.3,0.9,1.0,4.7,2024
125,Jordan Ford,PG,25,SAC,4,0,3.0,0.5,1.3,.400,0.3,0.5,.500,0.3,0.8,.333,.500,0.5,0.5,1.000,0.0,0.3,0.3,0.3,0.0,0.0,0.0,0.0,1.8,2024
126,Trent Forrest,SG,25,ATL,2,0,9.0,0.0,0.5,.000,0.0,0.0,,0.0,0.5,.000,.000,1.0,1.0,1.000,0.5,0.0,0.5,2.5,0.0,0.0,0.0,0.5,1.0,2024
127,Evan Fournier,SG,31,NYK,1,0,16.0,1.0,6.0,.167,0.0,4.0,.000,1.0,2.0,.500,.167,0.0,0.0,,0.0,1.0,1.0,1.0,1.0,0.0,0.0,2.0,2.0,2024
128,De'Aaron Fox,PG,26,SAC,8,8,35.1,10.5,21.8,.483,3.4,9.0,.375,7.1,12.8,.559,.560,5.3,7.1,.737,1.0,3.3,4.3,5.4,1.8,0.4,1.9,2.6,29.6,2024
129,Alex Fudge,SF,20,LAL,1,0,4.0,0.0,1.0,.000,0.0,0.0,,0.0,1.0,.000,.000,0.0,0.0,,0.0,0.0,0.0,0.0,0.0,0.0,0.0,0.0,0.0,2024
130,Markelle Fultz,PG,25,ORL,5,5,28.6,5.4,11.2,.482,0.0,0.6,.000,5.4,10.6,.509,.482,0.6,0.8,.750,1.6,1.8,3.4,4.0,1.2,0.4,1.2,1.2,11.4,2024
131,Daniel Gafford,C,25,WAS,11,11,24.1,3.8,5.5,.689,0.0,0.0,,3.8,5.5,.689,.689,1.5,2.3,.640,2.4,4.6,7.0,1.2,0.5,2.0,1.3,3.3,9.1,2024
132,Danilo Gallinari,PF,35,WAS,12,0,15.3,2.9,5.8,.500,0.8,2.5,.300,2.2,3.3,.650,.564,1.7,2.1,.800,0.8,2.3,3.0,1.7,0.3,0.3,0.5,0.9,8.3,2024
133,Darius Garland,PG,24,CLE,8,8,33.4,6.9,14.1,.487,1.5,4.6,.324,5.4,9.5,.566,.540,4.4,5.4,.814,0.6,2.3,2.9,5.8,1.5,0.4,4.8,1.8,19.6,2024
134,Luka Garza,C,25,MIN,3,0,3.7,1.3,3.0,.444,0.0,0.3,.000,1.3,2.7,.500,.444,1.3,2.0,.667,1.0,0.7,1.7,0.0,0.0,0.0,0.0,1.0,4.0,2024
135,Kaiser Gates,SF,27,NOP,1,0,7.0,0.0,4.0,.000,0.0,2.0,.000,0.0,2.0,.000,.000,0.0,0.0,,0.0,1.0,1.0,0.0,0.0,0.0,0.0,0.0,0.0,2024
136,Keyonte George,PG,20,UTA,13,5,24.3,2.8,7.8,.366,1.3,4.4,.298,1.5,3.4,.455,.450,1.5,1.8,.792,0.5,2.2,2.7,5.4,0.5,0.2,2.1,1.2,8.5,2024
137,Paul George,PF,33,LAC,12,12,34.4,8.3,17.3,.478,3.3,8.3,.400,4.9,8.9,.551,.575,5.0,5.3,.938,0.5,5.2,5.7,3.8,2.3,0.2,2.9,2.6,24.8,2024
138,Josh Giddey,SG,21,OKC,14,14,27.1,5.4,12.2,.444,0.6,1.9,.308,4.9,10.4,.469,.468,1.0,1.2,.824,1.3,4.4,5.6,4.7,0.8,0.6,2.9,1.1,12.4,2024
139,Harry Giles,C,25,BRK,2,0,6.0,2.5,3.0,.833,0.5,1.0,.500,2.0,2.0,1.000,.917,0.5,0.5,1.000,0.0,1.0,1.0,0.0,0.0,0.0,0.5,1.0,6.0,2024
140,Shai Gilgeous-Alexander,PG,25,OKC,13,13,33.9,11.2,20.8,.535,1.4,3.8,.360,9.8,17.0,.575,.568,5.9,6.4,.928,0.7,5.5,6.2,5.8,2.5,0.8,2.4,2.2,29.6,2024
141,Anthony Gill,PF,31,WAS,8,0,5.6,0.8,1.6,.462,0.0,0.1,.000,0.8,1.5,.500,.462,1.0,1.3,.800,0.4,0.8,1.1,0.5,0.4,0.4,0.6,0.5,2.5,2024
142,Collin Gillespie,PG,24,DEN,7,0,10.6,1.1,2.6,.444,0.4,1.6,.273,0.7,1.0,.714,.528,0.1,0.1,1.000,0.0,0.4,0.4,1.1,0.7,0.0,0.3,1.3,2.9,2024
143,Jacob Gilyard,PG,25,MEM,10,4,16.5,1.5,3.1,.484,1.4,2.9,.483,0.1,0.2,.500,.710,0.0,0.0,,0.5,1.2,1.7,3.3,0.9,0.1,0.6,1.3,4.4,2024
144,Rudy Gobert,C,31,MIN,13,13,32.1,4.3,7.7,.560,0.0,0.0,,4.3,7.7,.560,.560,3.4,5.9,.571,3.9,7.9,11.8,1.3,0.8,2.2,1.6,2.6,12.0,2024
145,Jordan Goodwin,PG,25,PHO,13,0,17.3,2.0,6.2,.325,1.2,3.3,.349,0.8,2.8,.297,.419,0.8,1.0,.769,0.8,2.8,3.6,2.2,1.0,0.4,0.8,1.2,5.9,2024
146,Aaron Gordon,PF,28,DEN,14,14,33.3,5.8,10.9,.529,0.5,2.1,.241,5.3,8.9,.597,.552,1.7,3.1,.545,2.3,4.7,7.0,4.1,1.1,1.0,1.9,1.9,13.8,2024
147,Eric Gordon,SG,35,PHO,12,8,30.8,5.7,12.4,.456,2.6,6.8,.378,3.1,5.6,.552,.560,0.3,0.4,.800,0.5,1.8,2.3,3.1,1.0,0.6,1.3,1.3,14.3,2024
148,Devonte' Graham,PG,28,SAS,2,0,14.5,0.5,2.5,.200,0.0,1.5,.000,0.5,1.0,.500,.200,2.0,2.5,.800,0.5,0.5,1.0,4.0,1.0,0.5,1.0,1.0,3.0,2024
149,Jerami Grant,PF,29,POR,13,13,35.7,7.5,17.6,.424,2.3,6.5,.353,5.2,11.1,.465,.489,4.8,6.0,.795,0.8,3.3,4.1,1.8,0.6,0.8,2.5,2.2,22.0,2024
150,A.J. Green,SG,24,MIL,8,0,9.0,1.3,2.9,.435,0.9,2.4,.368,0.4,0.5,.750,.587,0.1,0.1,1.000,0.0,0.9,0.9,1.0,0.0,0.0,0.0,0.8,3.5,2024
151,Danny Green,SG,36,PHI,2,0,9.0,0.0,1.0,.000,0.0,0.5,.000,0.0,0.5,.000,.000,0.0,0.0,,0.0,1.0,1.0,0.5,0.5,0.0,0.0,0.5,0.0,2024
152,Draymond Green,PF,33,GSW,9,9,22.2,3.0,6.2,.482,1.0,2.2,.450,2.0,4.0,.500,.563,1.8,2.0,.889,1.4,3.7,5.1,5.7,0.7,0.6,1.8,2.4,8.8,2024
153,Jalen Green,SG,21,HOU,12,12,31.4,5.7,14.3,.395,1.9,5.4,.354,3.8,8.9,.421,.462,4.8,6.1,.781,0.3,4.3,4.6,2.8,0.5,0.4,2.3,1.8,18.0,2024
154,Jeff Green,PF,37,HOU,12,0,15.1,2.3,4.0,.583,0.4,1.3,.333,1.9,2.8,.697,.635,1.8,2.4,.759,1.1,1.8,2.8,0.6,0.2,0.2,0.5,1.0,6.9,2024
155,Josh Green,SG,23,DAL,14,3,25.9,2.4,5.9,.410,1.3,3.7,.346,1.1,2.2,.516,.518,0.6,1.1,.500,0.6,2.1,2.8,2.4,1.0,0.1,0.9,1.7,6.7,2024
156,AJ Griffin,SF,20,ATL,7,0,9.1,1.1,2.4,.471,0.9,2.0,.429,0.3,0.4,.667,.647,0.3,0.3,1.000,0.1,0.6,0.7,0.3,0.1,0.0,0.6,0.6,3.4,2024
157,Quentin Grimes,SG,23,NYK,12,12,24.7,2.7,6.8,.395,2.1,5.8,.362,0.6,1.0,.583,.549,0.0,0.1,.000,0.1,1.3,1.3,1.2,0.8,0.0,0.6,1.8,7.4,2024
158,Mouhamed Gueye,PF,21,ATL,2,0,2.0,0.0,0.5,.000,0.0,0.5,.000,0.0,0.0,,.000,0.0,0.0,,0.0,0.0,0.0,0.0,0.5,0.0,0.0,0.5,0.0,2024
159,Rui Hachimura,PF,25,LAL,10,1,22.5,4.4,7.9,.557,1.2,2.8,.429,3.2,5.1,.627,.633,2.0,2.6,.769,0.8,2.9,3.7,1.0,1.1,0.3,1.0,1.2,12.0,2024
160,Tyrese Haliburton,PG,23,IND,11,11,32.9,8.2,16.1,.508,3.2,7.4,.432,5.0,8.7,.573,.607,4.0,4.3,.936,0.5,3.5,4.0,11.6,1.0,0.7,2.3,1.2,23.5,2024
161,R.J. Hampton,PG,22,MIA,1,0,2.0,0.0,1.0,.000,0.0,0.0,,0.0,1.0,.000,.000,0.0,0.0,,0.0,0.0,0.0,0.0,0.0,0.0,0.0,0.0,0.0,2024
162,Tim Hardaway Jr.,SF,31,DAL,14,0,27.6,6.1,13.9,.441,3.6,9.0,.405,2.5,4.9,.507,.572,2.3,2.5,.914,0.3,3.4,3.6,1.7,0.2,0.0,0.9,0.9,18.2,2024
163,James Harden,SG,34,LAC,7,7,31.9,5.1,10.6,.486,2.0,5.6,.359,3.1,5.0,.629,.581,3.7,3.9,.963,0.6,4.3,4.9,5.4,1.1,0.3,2.0,1.1,16.0,2024
164,Jaden Hardy,SG,21,DAL,11,0,11.5,2.5,6.1,.403,0.9,2.8,.323,1.5,3.3,.472,.478,1.4,1.9,.714,0.2,1.3,1.5,1.2,0.4,0.0,0.6,1.0,7.2,2024
165,Ron Harper Jr.,PF,23,TOR,1,0,4.0,0.0,0.0,,0.0,0.0,,0.0,0.0,,,0.0,0.0,,0.0,0.0,0.0,1.0,0.0,0.0,0.0,2.0,0.0,2024
166,Gary Harris,SG,29,ORL,8,2,20.0,3.3,5.8,.565,2.0,3.9,.516,1.3,1.9,.667,.739,0.8,1.1,.667,0.8,1.4,2.1,1.4,0.8,0.5,0.5,0.8,9.3,2024
167,Joe Harris,SG,32,DET,7,0,14.0,1.3,3.6,.360,0.9,2.7,.316,0.4,0.9,.500,.480,0.0,0.0,,0.3,0.7,1.0,0.9,0.3,0.0,0.4,1.7,3.4,2024
168,Tobias Harris,PF,31,PHI,13,13,36.3,7.6,13.6,.559,1.2,3.2,.357,6.5,10.4,.622,.602,3.2,3.5,.891,1.0,5.8,6.8,2.8,0.9,0.4,1.8,1.5,19.5,2024
169,Josh Hart,SF,28,NYK,14,5,28.7,2.9,7.1,.414,0.9,3.1,.295,2.0,3.9,.509,.480,0.4,0.5,.714,1.1,5.1,6.1,2.6,1.0,0.3,0.9,1.8,7.1,2024
170,Isaiah Hartenstein,C,25,NYK,14,0,16.7,2.4,4.3,.567,0.1,0.2,.333,2.4,4.1,.579,.575,1.1,1.6,.652,2.4,2.4,4.8,0.9,1.0,0.4,0.9,2.8,6.0,2024
171,Sam Hauser,SF,26,BOS,14,2,22.3,3.2,6.9,.464,2.8,6.4,.438,0.4,0.6,.750,.665,0.3,0.3,1.000,0.5,2.6,3.1,0.7,0.6,0.4,0.4,1.6,9.5,2024
172,Jordan Hawkins,SG,21,NOP,14,8,29.6,4.4,11.4,.381,2.7,7.5,.362,1.6,3.9,.418,.500,1.6,1.9,.846,0.8,3.2,4.0,2.1,0.6,0.0,1.1,2.2,13.0,2024
173,Jaxson Hayes,C,23,LAL,12,0,9.5,0.8,1.3,.600,0.0,0.0,,0.8,1.3,.600,.600,0.8,1.3,.600,0.3,1.0,1.3,0.3,0.3,0.4,0.7,1.8,2.3,2024
174,Killian Hayes,PG,22,DET,14,13,28.1,3.6,9.1,.391,1.0,3.3,.304,2.6,5.9,.439,.445,1.3,1.7,.750,0.3,2.5,2.8,4.4,1.3,0.6,0.9,2.2,9.4,2024
175,Gordon Hayward,SF,33,CHO,12,12,32.9,5.7,13.3,.428,0.8,2.5,.333,4.8,10.8,.450,.459,2.9,3.9,.745,1.1,3.8,4.9,4.6,1.5,0.6,1.6,2.2,15.1,2024
176,Scoot Henderson,PG,19,POR,5,5,28.4,3.6,10.4,.346,0.4,4.2,.095,3.2,6.2,.516,.365,1.2,1.4,.857,0.6,1.6,2.2,4.6,0.6,0.2,4.0,4.0,8.8,2024
177,Taylor Hendricks,PF,20,UTA,1,0,2.0,0.0,0.0,,0.0,0.0,,0.0,0.0,,,1.0,2.0,.500,0.0,1.0,1.0,0.0,0.0,0.0,0.0,0.0,1.0,2024
178,Tyler Herro,SG,24,MIA,8,8,34.0,8.5,19.0,.447,3.1,7.6,.410,5.4,11.4,.473,.530,2.8,3.1,.880,0.4,4.6,5.0,4.6,1.4,0.0,2.5,1.6,22.9,2024
179,Buddy Hield,SF,31,IND,12,0,22.8,4.3,10.5,.405,2.8,7.5,.367,1.5,3.0,.500,.536,0.1,0.2,.500,0.6,2.5,3.1,2.8,0.6,0.6,1.8,1.6,11.3,2024
180,Haywood Highsmith,PF,27,MIA,10,9,25.3,2.6,6.0,.433,1.1,3.6,.306,1.5,2.4,.625,.525,0.9,1.1,.818,0.7,2.0,2.7,1.4,1.4,0.8,1.0,2.0,7.2,2024
181,Nate Hinton,SG,24,HOU,2,0,4.0,1.0,2.0,.500,1.0,1.0,1.000,0.0,1.0,.000,.750,0.0,0.0,,0.0,0.0,0.0,0.0,0.0,0.0,0.0,0.5,3.0,2024
182,D'Moi Hodge,SG,25,LAL,3,0,5.3,0.3,1.7,.200,0.0,1.3,.000,0.3,0.3,1.000,.200,0.3,0.7,.500,0.0,0.0,0.0,0.3,0.0,0.3,0.3,0.7,1.0,2024
183,Aaron Holiday,PG,27,HOU,10,0,17.1,2.0,4.5,.444,0.9,2.3,.391,1.1,2.2,.500,.544,0.5,0.6,.833,0.1,1.5,1.6,1.7,0.7,0.0,0.5,1.6,5.4,2024
184,Jrue Holiday,PG,33,BOS,14,14,34.6,5.0,11.5,.435,1.6,4.5,.349,3.4,7.0,.490,.503,1.2,1.6,.773,2.1,5.3,7.4,5.1,0.6,1.0,2.1,1.5,12.8,2024
185,Justin Holiday,SG,34,DEN,5,0,7.2,0.8,1.4,.571,0.8,1.4,.571,0.0,0.0,,.857,0.0,0.0,,0.0,1.0,1.0,0.4,0.0,0.0,0.0,0.6,2.4,2024
186,Richaun Holmes,C,30,DAL,5,0,6.0,1.6,2.6,.615,0.0,0.0,,1.6,2.6,.615,.615,0.2,0.4,.500,1.4,1.2,2.6,0.2,0.0,0.0,0.6,1.2,3.4,2024
187,Chet Holmgren,C,21,OKC,14,14,29.6,5.9,10.5,.565,1.6,3.6,.460,4.3,6.9,.619,.643,3.5,3.9,.907,1.5,6.3,7.8,2.6,0.9,2.1,2.1,2.9,17.0,2024
188,Al Horford,C,37,BOS,12,3,24.0,2.4,5.5,.439,1.2,3.4,.341,1.3,2.1,.600,.545,0.2,0.2,1.000,1.8,4.0,5.8,2.2,0.4,0.8,0.9,1.6,6.2,2024
189,Talen Horton-Tucker,PG,23,UTA,13,8,23.4,4.1,9.8,.414,1.4,4.0,.346,2.7,5.8,.461,.484,1.1,1.2,.875,0.7,2.5,3.2,4.8,1.0,0.5,2.2,2.5,10.6,2024
190,Danuel House Jr.,SF,30,PHI,8,0,12.4,1.3,2.6,.476,0.4,1.4,.273,0.9,1.3,.700,.548,0.6,0.8,.833,0.5,1.0,1.5,0.8,0.3,0.1,0.9,1.0,3.5,2024
191,Caleb Houstan,SF,21,ORL,7,0,6.4,0.9,1.7,.500,0.7,1.6,.455,0.1,0.1,1.000,.708,0.1,0.1,1.000,0.0,0.7,0.7,0.4,0.0,0.0,0.3,0.4,2.6,2024
192,Jett Howard,SF,20,ORL,5,0,4.6,0.2,2.0,.100,0.0,1.6,.000,0.2,0.4,.500,.100,0.0,0.0,,0.2,0.2,0.4,0.4,0.0,0.0,0.4,0.0,0.4,2024
193,Kevin Huerter,SG,25,SAC,12,12,27.6,4.9,11.1,.444,2.6,7.0,.369,2.3,4.1,.571,.560,0.8,1.0,.833,0.6,3.7,4.3,2.9,1.1,0.3,0.9,2.3,13.3,2024
194,De'Andre Hunter,SF,26,ATL,12,12,29.5,4.5,10.2,.443,1.6,4.6,.345,2.9,5.6,.522,.520,2.3,2.8,.794,0.6,3.1,3.7,1.5,0.8,0.3,1.3,3.1,12.8,2024
195,Bones Hyland,PG,23,LAC,9,2,21.3,4.0,9.2,.434,1.8,4.9,.364,2.2,4.3,.513,.530,1.0,1.1,.900,0.2,1.3,1.6,2.7,0.7,0.0,1.9,2.3,10.8,2024
196,Joe Ingles,SF,36,ORL,13,0,19.3,1.2,3.7,.313,0.8,2.8,.306,0.3,0.9,.333,.427,0.3,0.4,.800,0.5,2.1,2.5,3.3,1.0,0.2,0.8,1.3,3.5,2024
197,Brandon Ingram,SF,26,NOP,11,11,33.6,9.7,19.5,.500,1.5,4.8,.302,8.3,14.6,.565,.537,3.2,4.1,.778,0.7,4.7,5.5,5.0,0.6,0.2,2.9,1.5,24.1,2024
198,Kyrie Irving,SG,31,DAL,11,11,32.9,8.9,18.8,.473,2.7,7.1,.385,6.2,11.7,.527,.546,3.4,3.8,.881,0.7,3.2,3.9,6.1,1.1,0.4,1.6,2.0,23.9,2024
199,Jonathan Isaac,PF,26,ORL,11,0,13.8,2.0,5.2,.386,0.7,2.6,.276,1.3,2.5,.500,.456,1.5,1.9,.810,1.0,3.2,4.2,0.4,1.0,1.4,0.6,1.5,6.3,2024
200,Jaden Ivey,SG,21,DET,11,2,22.2,4.2,8.0,.523,1.1,3.1,.353,3.1,4.9,.630,.591,1.9,2.4,.808,0.8,1.8,2.6,2.9,0.7,0.3,2.2,2.5,11.4,2024
201,Andre Jackson Jr.,SG,22,MIL,10,2,8.6,0.7,1.3,.538,0.3,0.7,.429,0.4,0.6,.667,.654,0.0,0.0,,0.7,0.8,1.5,0.9,0.3,0.0,0.6,1.6,1.7,2024
202,Gregory Jackson II,PF,19,MEM,1,0,1.0,0.0,0.0,,0.0,0.0,,0.0,0.0,,,0.0,0.0,,0.0,0.0,0.0,0.0,0.0,0.0,0.0,0.0,0.0,2024
203,Isaiah Jackson,C,22,IND,6,0,14.2,1.8,3.3,.550,0.0,0.0,,1.8,3.3,.550,.550,2.0,3.2,.632,1.7,2.5,4.2,0.8,0.7,1.7,0.3,2.8,5.7,2024
204,Jaren Jackson Jr.,C,24,MEM,13,13,30.7,6.6,15.4,.430,1.6,5.2,.313,5.0,10.2,.489,.483,4.9,5.8,.842,1.8,4.3,6.2,2.0,0.5,1.6,1.8,3.3,19.8,2024
205,Reggie Jackson,PG,33,DEN,14,7,25.1,4.6,9.6,.485,1.4,3.8,.358,3.3,5.8,.568,.556,0.8,1.3,.611,0.1,1.7,1.9,3.6,0.9,0.4,1.4,1.7,11.4,2024
206,Trayce Jackson-Davis,PF,23,GSW,11,0,7.5,0.9,1.6,.556,0.0,0.0,,0.9,1.6,.556,.556,1.0,1.6,.611,0.8,0.9,1.7,0.5,0.1,0.5,0.4,1.3,2.8,2024
207,LeBron James,PF,39,LAL,13,13,34.4,9.9,16.9,.586,2.2,5.6,.397,7.7,11.3,.680,.652,4.3,6.2,.691,0.6,7.5,8.2,6.5,1.7,0.8,4.0,1.5,26.4,2024
208,Jaime Jaquez Jr.,SF,22,MIA,14,3,24.6,4.0,7.9,.509,1.1,3.0,.357,2.9,4.9,.603,.577,0.6,0.7,.800,1.1,2.2,3.4,2.3,1.1,0.2,1.2,2.3,9.6,2024
209,DaQuan Jeffries,SG,26,NYK,6,0,3.0,0.5,1.3,.375,0.2,0.7,.250,0.3,0.7,.500,.438,0.0,0.3,.000,0.0,0.5,0.5,0.2,0.0,0.0,0.2,0.2,1.2,2024
210,Ty Jerome,SG,26,CLE,2,0,7.5,1.0,2.0,.500,0.0,0.5,.000,1.0,1.5,.667,.500,0.0,0.0,,0.5,0.0,0.5,1.5,0.0,0.0,0.5,1.0,2.0,2024
211,Isaiah Joe,SG,24,OKC,14,0,19.6,3.3,7.0,.469,2.8,5.6,.500,0.5,1.4,.350,.668,0.9,1.2,.765,0.1,2.1,2.2,1.1,0.9,0.1,0.6,1.2,10.3,2024
212,Cameron Johnson,PF,27,BRK,6,6,28.3,4.8,12.0,.403,2.2,6.5,.333,2.7,5.5,.485,.493,1.8,2.2,.846,1.5,3.5,5.0,1.8,1.0,0.2,1.7,2.0,13.7,2024
213,Jalen Johnson,SF,22,ATL,12,9,30.6,6.1,10.0,.608,1.3,2.8,.441,4.8,7.2,.674,.671,1.6,2.2,.731,1.5,6.4,7.9,2.2,0.9,1.0,2.0,2.3,15.0,2024
214,Keldon Johnson,SF,24,SAS,13,13,32.6,6.5,14.0,.462,2.1,5.8,.360,4.4,8.2,.533,.536,1.8,2.6,.676,0.8,5.6,6.4,4.3,0.8,0.3,1.2,2.5,16.8,2024
215,Keyontae Johnson,SF,23,OKC,1,0,6.0,0.0,1.0,.000,0.0,0.0,,0.0,1.0,.000,.000,0.0,0.0,,0.0,0.0,0.0,0.0,0.0,0.0,0.0,0.0,0.0,2024
216,Nikola Jokić,C,28,DEN,14,14,32.9,10.7,18.7,.573,1.4,4.6,.297,9.4,14.1,.662,.609,4.6,5.8,.790,2.9,10.3,13.1,8.7,0.9,0.8,3.3,2.3,27.4,2024
217,Colby Jones,SG,21,SAC,8,0,8.6,1.5,3.3,.462,0.1,0.9,.143,1.4,2.4,.579,.481,0.3,0.4,.667,0.6,1.0,1.6,0.3,0.3,0.1,0.4,1.1,3.4,2024
218,Damian Jones,C,28,CLE,9,0,4.3,0.3,0.3,1.000,0.0,0.0,,0.3,0.3,1.000,1.000,0.1,0.2,.500,0.2,0.6,0.8,0.2,0.0,0.1,0.2,0.3,0.8,2024
219,Derrick Jones Jr.,SF,26,DAL,14,14,22.0,3.2,6.6,.484,1.4,3.8,.358,1.9,2.9,.650,.586,0.9,1.3,.722,0.9,2.8,3.7,1.1,0.5,0.6,1.1,1.2,8.7,2024
220,Herbert Jones,SF,25,NOP,11,11,31.0,3.9,7.5,.518,1.1,3.1,.353,2.8,4.5,.633,.590,2.7,3.1,.882,0.6,3.6,4.3,2.9,2.0,1.6,1.2,3.7,11.6,2024
221,Tre Jones,PG,24,SAS,11,0,25.1,3.1,7.2,.430,0.5,2.2,.250,2.5,5.0,.509,.468,1.6,1.8,.900,0.8,2.0,2.8,5.6,0.6,0.4,1.5,1.3,8.4,2024
222,Tyus Jones,PG,27,WAS,13,13,26.7,4.5,9.1,.492,1.2,3.2,.366,3.3,5.9,.558,.555,0.3,0.5,.667,0.3,2.3,2.6,4.7,0.8,0.2,0.8,1.0,10.4,2024
223,DeAndre Jordan,C,35,DEN,1,0,12.0,0.0,0.0,,0.0,0.0,,0.0,0.0,,,1.0,2.0,.500,1.0,0.0,1.0,1.0,0.0,0.0,1.0,2.0,1.0,2024
224,Cory Joseph,PG,32,GSW,6,0,7.8,0.7,2.7,.250,0.7,2.0,.333,0.0,0.7,.000,.375,0.0,0.2,.000,0.3,0.3,0.7,1.5,0.2,0.2,0.7,0.7,2.0,2024
225,Nikola Jović,PF,20,MIA,2,1,14.0,2.0,4.0,.500,1.5,2.5,.600,0.5,1.5,.333,.688,1.0,1.0,1.000,0.0,7.5,7.5,2.0,0.5,0.0,1.0,1.0,6.5,2024
226,Luke Kennard,SG,27,MEM,8,0,21.5,2.6,7.3,.362,2.1,5.8,.370,0.5,1.5,.333,.509,0.9,0.9,1.000,0.4,2.5,2.9,2.0,0.6,0.1,0.6,0.5,8.3,2024
227,Walker Kessler,C,22,UTA,8,8,24.0,3.5,6.4,.549,0.3,0.8,.333,3.3,5.6,.578,.569,1.0,1.6,.615,3.4,4.5,7.9,0.3,0.0,2.1,1.0,2.1,8.3,2024
228,Braxton Key,SF,26,DEN,4,0,2.5,0.3,1.0,.250,0.0,0.3,.000,0.3,0.8,.333,.250,0.0,0.0,,0.0,0.3,0.3,0.8,0.0,0.0,0.0,0.5,0.5,2024
229,Corey Kispert,SF,24,WAS,12,0,22.6,3.5,7.5,.467,1.8,4.8,.362,1.8,2.7,.656,.583,1.6,2.0,.792,0.7,1.8,2.4,1.6,0.4,0.0,1.0,1.6,10.3,2024
230,Maxi Kleber,C,32,DAL,5,1,18.0,0.8,3.2,.250,0.6,1.8,.333,0.2,1.4,.143,.344,1.2,2.0,.600,0.8,3.4,4.2,2.0,0.2,0.2,0.8,1.6,3.4,2024
231,Kevin Knox,SF,24,DET,4,2,27.5,4.8,9.3,.514,2.0,4.5,.444,2.8,4.8,.579,.622,0.3,0.5,.500,1.3,4.0,5.3,0.8,1.0,0.3,1.0,2.8,11.8,2024
232,John Konchar,SF,27,MEM,10,2,19.4,1.5,3.5,.429,0.8,2.0,.400,0.7,1.5,.467,.543,0.0,0.0,,1.0,3.1,4.1,1.9,0.8,0.7,0.4,1.1,3.8,2024
233,Furkan Korkmaz,SG,26,PHI,10,0,7.5,0.8,2.0,.400,0.3,0.9,.333,0.5,1.1,.455,.475,0.4,0.6,.667,0.1,0.5,0.6,0.3,0.5,0.0,0.6,0.4,2.3,2024
234,Luke Kornet,C,28,BOS,10,0,12.3,1.7,2.1,.810,0.0,0.0,,1.7,2.1,.810,.810,0.6,0.8,.750,1.2,2.3,3.5,0.6,0.4,0.3,0.3,1.0,4.0,2024
235,Jonathan Kuminga,PF,21,GSW,14,1,20.4,4.2,9.7,.434,0.4,2.3,.188,3.8,7.4,.510,.456,3.1,4.3,.717,0.9,2.4,3.3,0.9,0.6,0.4,1.5,2.5,11.9,2024
236,Kyle Kuzma,PF,28,WAS,13,13,30.4,9.2,19.4,.476,2.4,6.7,.356,6.8,12.7,.539,.538,2.5,3.2,.786,1.1,4.6,5.7,3.9,0.3,0.5,2.2,1.8,23.4,2024
237,Jock Landale,C,28,HOU,10,0,9.2,0.6,2.1,.286,0.2,0.9,.222,0.4,1.2,.333,.333,0.2,0.2,1.000,0.9,1.2,2.1,0.8,0.3,0.2,0.7,0.7,1.6,2024
238,Jake LaRavia,PF,22,MEM,5,0,12.2,1.4,4.0,.350,0.4,2.4,.167,1.0,1.6,.625,.400,0.2,0.4,.500,0.6,1.0,1.6,0.4,0.2,0.0,0.4,1.6,3.4,2024
239,Zach LaVine,SG,28,CHI,15,15,35.5,7.1,16.5,.431,2.5,7.5,.339,4.6,9.1,.507,.508,4.5,5.2,.872,0.3,4.7,5.1,3.3,0.9,0.3,2.1,2.1,21.3,2024
240,Saben Lee,PG,24,PHO,3,0,3.3,1.0,2.0,.500,0.0,0.3,.000,1.0,1.7,.600,.500,0.0,0.0,,0.7,0.3,1.0,1.0,0.0,0.3,0.0,0.3,2.0,2024
241,Alex Len,C,30,SAC,6,0,6.8,1.0,1.3,.750,0.0,0.2,.000,1.0,1.2,.857,.750,0.5,1.2,.429,1.2,1.5,2.7,0.8,0.2,0.8,0.3,0.3,2.5,2024
242,Kawhi Leonard,SF,32,LAC,12,12,33.7,7.8,16.8,.463,2.5,5.9,.423,5.3,10.8,.485,.537,3.0,3.8,.800,1.2,4.2,5.3,3.5,1.9,0.5,1.7,1.7,21.0,2024
243,Caris LeVert,SG,29,CLE,11,1,33.1,6.5,15.4,.420,1.9,6.1,.313,4.5,9.3,.490,.482,3.2,4.4,.729,0.5,3.8,4.4,3.8,1.3,0.5,1.3,1.8,18.0,2024
244,Kira Lewis Jr.,PG,22,NOP,11,0,11.0,1.3,3.9,.326,0.2,1.4,.133,1.1,2.5,.429,.349,0.7,0.8,.889,0.3,0.6,0.9,1.6,0.5,0.1,0.5,0.7,3.5,2024
245,Maxwell Lewis,SF,21,LAL,6,0,3.5,0.0,0.5,.000,0.0,0.0,,0.0,0.5,.000,.000,0.0,0.0,,0.0,0.2,0.2,0.0,0.0,0.0,0.3,0.0,0.0,2024
246,E.J. Liddell,PF,23,NOP,3,0,3.0,0.3,1.3,.250,0.0,1.0,.000,0.3,0.3,1.000,.250,0.7,0.7,1.000,0.0,0.7,0.7,0.0,0.0,0.3,0.3,0.3,1.3,2024
247,Damian Lillard,PG,33,MIL,12,12,33.3,6.4,16.3,.395,2.8,8.7,.327,3.6,7.6,.473,.482,8.9,9.7,.922,0.6,3.7,4.3,6.3,1.0,0.1,2.6,1.3,24.6,2024
248,Nassir Little,PF,23,PHO,8,0,11.6,1.6,3.1,.520,0.8,2.1,.353,0.9,1.0,.875,.640,0.5,0.8,.667,0.4,1.0,1.4,0.5,0.6,0.5,0.3,1.6,4.5,2024
249,Dereck Lively II,C,19,DAL,13,12,24.5,3.8,5.3,.710,0.0,0.2,.000,3.8,5.2,.731,.710,1.1,1.7,.636,2.9,4.5,7.5,1.2,0.6,1.2,1.1,3.5,8.6,2024
250,Isaiah Livers,PF,25,DET,1,0,23.0,1.0,7.0,.143,0.0,3.0,.000,1.0,4.0,.250,.143,4.0,4.0,1.000,2.0,2.0,4.0,1.0,0.0,0.0,2.0,2.0,6.0,2024
251,Chris Livingston,SF,20,MIL,2,0,4.5,1.0,1.0,1.000,0.5,0.5,1.000,0.5,0.5,1.000,1.250,0.0,0.0,,0.0,0.0,0.0,0.5,0.0,0.0,0.0,0.0,2.5,2024
252,Kenneth Lofton Jr.,PF,21,MEM,9,0,9.3,1.1,2.9,.385,0.2,0.8,.286,0.9,2.1,.421,.423,0.6,1.3,.417,0.2,1.1,1.3,1.1,0.2,0.2,0.7,1.6,3.0,2024
253,Kevon Looney,C,27,GSW,15,13,24.2,2.7,4.4,.606,0.0,0.0,,2.7,4.4,.606,.606,0.8,1.1,.750,3.5,5.9,9.4,2.9,0.7,0.4,0.9,2.7,6.1,2024
254,Brook Lopez,C,35,MIL,14,14,28.2,4.0,8.9,.452,1.6,4.7,.333,2.4,4.1,.586,.540,1.1,1.4,.789,1.4,3.6,4.9,1.0,0.7,3.0,0.9,2.0,10.6,2024
255,Robin Lopez,C,35,MIL,3,0,3.0,0.0,0.0,,0.0,0.0,,0.0,0.0,,,0.7,0.7,1.000,0.0,0.0,0.0,0.3,0.0,0.0,0.3,0.7,0.7,2024
256,Kevin Love,PF,35,MIA,9,3,16.8,2.3,6.2,.375,1.6,4.9,.318,0.8,1.3,.583,.500,1.6,2.0,.778,0.7,5.6,6.2,1.9,0.1,0.0,0.6,1.8,7.8,2024
257,Kyle Lowry,PG,37,MIA,13,13,29.0,2.3,5.8,.400,1.8,4.2,.426,0.5,1.6,.333,.553,0.6,0.6,1.000,0.8,3.2,4.1,4.8,1.4,0.2,1.5,2.6,7.0,2024
258,Théo Maledon,PG,22,CHO,11,1,17.5,1.7,5.8,.297,0.5,2.6,.172,1.3,3.2,.400,.336,1.0,1.1,.917,0.4,1.7,2.1,2.1,0.6,0.0,1.4,1.5,4.9,2024
259,Sandro Mamukelashvili,C,24,SAS,5,0,8.4,1.0,2.4,.417,0.2,1.0,.200,0.8,1.4,.571,.458,1.0,1.2,.833,1.0,1.4,2.4,1.0,0.2,0.2,0.6,1.2,3.2,2024
260,Terance Mann,SG,27,LAC,6,2,24.8,1.3,4.5,.296,0.3,2.3,.143,1.0,2.2,.462,.333,0.2,0.3,.500,1.5,3.7,5.2,2.8,0.8,0.2,0.8,2.2,3.2,2024
261,Tre Mann,PG,22,OKC,5,0,8.8,2.0,3.6,.556,0.6,1.6,.375,1.4,2.0,.700,.639,0.2,0.2,1.000,0.6,1.6,2.2,1.2,0.2,0.0,1.0,0.2,4.8,2024
262,Boban Marjanović,C,35,HOU,3,0,6.7,1.7,3.0,.556,0.0,0.3,.000,1.7,2.7,.625,.556,0.0,0.3,.000,0.7,2.0,2.7,1.0,0.0,0.3,0.0,0.7,3.3,2024
263,Lauri Markkanen,PF,26,UTA,13,13,35.1,8.4,17.2,.487,3.5,8.8,.400,4.8,8.4,.578,.589,4.5,5.3,.841,2.5,6.3,8.8,1.2,1.0,1.0,1.4,2.3,24.8,2024
264,Naji Marshall,SF,26,NOP,5,0,20.6,3.6,6.6,.545,1.6,3.4,.471,2.0,3.2,.625,.667,2.0,2.2,.909,0.8,3.0,3.8,2.0,0.8,0.4,2.0,1.6,10.8,2024
265,Caleb Martin,SF,28,MIA,4,0,17.0,1.5,6.5,.231,0.8,3.3,.231,0.8,3.3,.231,.288,0.0,0.0,,0.8,1.8,2.5,1.3,0.8,0.0,0.5,1.3,3.8,2024
266,KJ Martin,SF,23,TOT,7,0,6.3,0.6,1.6,.364,0.1,0.7,.200,0.4,0.9,.500,.409,0.1,0.3,.500,0.3,0.4,0.7,0.3,0.3,0.1,0.4,0.9,1.4,2024
266,KJ Martin,SF,23,LAC,2,0,15.5,2.0,5.0,.400,0.5,2.5,.200,1.5,2.5,.600,.450,0.5,1.0,.500,0.5,1.0,1.5,0.5,1.0,0.5,1.0,1.5,5.0,2024
266,KJ Martin,SF,23,PHI,5,0,2.6,0.0,0.2,.000,0.0,0.0,,0.0,0.2,.000,.000,0.0,0.0,,0.2,0.2,0.4,0.2,0.0,0.0,0.2,0.6,0.0,2024
267,Garrison Mathews,SG,27,ATL,3,0,3.0,0.3,1.0,.333,0.3,1.0,.333,0.0,0.0,,.500,0.0,0.0,,0.0,0.7,0.7,0.0,0.0,0.0,0.0,0.3,1.0,2024
268,Bennedict Mathurin,SF,21,IND,12,12,24.8,4.8,11.3,.419,1.3,3.8,.326,3.5,7.5,.467,.474,2.3,2.8,.794,1.4,2.8,4.3,2.3,0.8,0.2,1.3,1.7,13.0,2024
269,Wesley Matthews,SG,37,ATL,3,0,9.3,1.0,1.7,.600,1.0,1.7,.600,0.0,0.0,,.900,1.0,2.0,.500,0.7,1.0,1.7,0.3,0.3,0.0,0.3,2.3,4.0,2024
270,Tyrese Maxey,PG,23,PHI,13,13,38.1,9.3,19.6,.475,3.5,7.8,.446,5.8,11.8,.494,.563,4.7,4.9,.953,0.7,4.1,4.8,7.1,0.8,0.8,1.5,1.8,26.8,2024
271,Skylar Mays,PG,26,POR,12,5,20.5,3.4,8.3,.410,0.8,3.2,.263,2.6,5.2,.500,.460,0.9,1.1,.846,0.3,1.5,1.8,5.0,0.9,0.2,1.2,1.4,8.6,2024
272,Miles McBride,PG,23,NYK,11,0,4.8,0.7,1.5,.471,0.4,1.2,.308,0.4,0.4,1.000,.588,0.1,0.2,.500,0.1,0.2,0.3,0.2,0.4,0.0,0.0,0.6,1.9,2024
273,CJ McCollum,PG,32,NOP,6,6,34.3,7.3,16.7,.440,3.2,8.3,.380,4.2,8.3,.500,.535,3.8,5.2,.742,0.8,4.0,4.8,5.7,1.5,0.8,1.3,2.3,21.7,2024
274,T.J. McConnell,PG,31,IND,8,0,14.6,3.4,5.8,.587,0.0,0.5,.000,3.4,5.3,.643,.587,1.3,1.5,.833,0.6,2.1,2.8,3.5,0.8,0.1,0.9,1.3,8.0,2024
275,Jaden McDaniels,SF,23,MIN,11,11,23.6,4.2,7.2,.582,1.0,2.6,.379,3.2,4.5,.700,.652,0.2,0.2,1.000,0.6,1.5,2.2,1.3,0.5,0.4,1.0,3.3,9.5,2024
276,Jalen McDaniels,SF,26,TOR,11,0,9.3,0.8,3.3,.250,0.2,1.5,.118,0.6,1.7,.368,.278,0.0,0.0,,0.1,1.1,1.2,0.5,0.3,0.2,0.3,0.6,1.8,2024
277,Doug McDermott,SF,32,SAS,14,0,17.0,2.4,4.9,.493,1.9,3.7,.500,0.6,1.2,.471,.681,0.3,0.4,.667,0.1,1.0,1.1,1.8,0.2,0.1,0.6,1.4,7.0,2024
278,JaVale McGee,C,36,SAC,11,0,11.1,3.0,4.5,.660,0.0,0.1,.000,3.0,4.5,.673,.660,0.9,1.4,.667,1.5,2.5,4.0,0.5,0.4,0.5,1.2,1.3,6.9,2024
279,Bryce McGowens,SG,21,CHO,8,0,15.6,1.0,3.1,.320,0.6,2.3,.278,0.4,0.9,.429,.420,0.8,1.0,.750,0.1,1.8,1.9,0.9,0.4,0.0,0.6,1.5,3.4,2024
280,Jordan McLaughlin,PG,27,MIN,5,0,3.8,0.2,0.8,.250,0.2,0.4,.500,0.0,0.4,.000,.375,0.4,0.4,1.000,0.0,0.0,0.0,1.0,0.0,0.4,0.0,0.4,1.0,2024
281,De'Anthony Melton,SG,25,PHI,13,13,29.3,3.9,9.5,.415,2.3,5.2,.441,1.6,4.2,.382,.537,1.7,2.2,.759,0.5,3.3,3.8,3.8,1.4,0.3,1.3,2.5,11.8,2024
282,Sam Merrill,SG,27,CLE,7,0,7.1,0.7,2.4,.294,0.7,2.1,.333,0.0,0.3,.000,.441,0.0,0.0,,0.3,0.4,0.7,0.6,0.3,0.0,0.1,0.3,2.1,2024
283,Chimezie Metu,C,26,PHO,5,0,2.6,0.6,1.6,.375,0.0,0.6,.000,0.6,1.0,.600,.375,0.4,0.4,1.000,0.0,0.8,0.8,0.2,0.0,0.2,0.4,0.4,1.6,2024
284,Vasilije Micić,PG,30,OKC,7,0,12.4,1.1,2.9,.400,0.7,1.6,.455,0.4,1.3,.333,.525,0.6,0.9,.667,0.0,0.6,0.6,2.9,0.1,0.0,1.1,0.9,3.6,2024
285,Khris Middleton,SF,32,MIL,11,11,19.7,4.5,9.3,.490,1.2,3.8,.310,3.4,5.5,.617,.554,1.7,2.1,.826,0.7,3.4,4.1,3.8,0.7,0.1,1.9,1.7,12.0,2024
286,Brandon Miller,SF,21,CHO,12,7,30.0,5.3,11.5,.457,1.3,4.2,.320,3.9,7.3,.534,.514,1.8,2.3,.778,1.6,2.8,4.3,1.9,0.6,0.5,1.1,3.0,13.6,2024
287,Jordan Miller,SF,24,LAC,2,0,3.5,1.0,1.5,.667,0.5,0.5,1.000,0.5,1.0,.500,.833,0.0,0.0,,0.0,0.0,0.0,0.0,0.0,0.0,0.0,1.0,2.5,2024
288,Leonard Miller,SF,20,MIN,1,0,2.0,0.0,1.0,.000,0.0,0.0,,0.0,1.0,.000,.000,0.0,0.0,,0.0,1.0,1.0,0.0,0.0,0.0,0.0,0.0,0.0,2024
289,Shake Milton,SG,27,MIN,13,0,15.5,1.8,4.7,.393,0.5,1.9,.240,1.4,2.8,.500,.443,1.3,1.6,.810,0.2,2.0,2.2,1.4,0.6,0.1,1.1,1.7,5.5,2024
290,Justin Minaya,SF,24,POR,5,0,6.0,0.4,1.2,.333,0.4,0.8,.500,0.0,0.4,.000,.500,0.2,0.4,.500,0.8,0.2,1.0,0.0,0.0,0.2,0.2,0.2,1.4,2024
291,Josh Minott,SF,21,MIN,7,0,2.7,0.7,1.4,.500,0.0,0.6,.000,0.7,0.9,.833,.500,0.3,0.6,.500,0.1,0.3,0.4,0.1,0.0,0.1,0.0,0.4,1.7,2024
292,Davion Mitchell,PG,25,SAC,10,3,19.5,1.9,5.6,.339,1.0,3.3,.303,0.9,2.3,.391,.429,0.3,0.3,1.000,0.1,1.2,1.3,3.1,0.4,0.2,1.1,2.0,5.1,2024
293,Donovan Mitchell,SG,27,CLE,10,10,36.2,10.5,21.6,.486,3.5,8.9,.393,7.0,12.7,.551,.567,4.7,5.3,.887,0.9,4.0,4.9,5.3,2.0,0.6,2.6,2.3,29.2,2024
294,Evan Mobley,PF,22,CLE,13,13,32.8,7.0,12.5,.558,0.1,0.5,.143,6.9,12.0,.577,.561,2.5,3.5,.717,3.2,7.2,10.4,3.2,0.8,1.8,2.1,2.8,16.6,2024
295,Isaiah Mobley,PF,24,CLE,1,0,1.0,0.0,0.0,,0.0,0.0,,0.0,0.0,,,0.0,0.0,,0.0,1.0,1.0,0.0,0.0,0.0,0.0,1.0,0.0,2024
296,Malik Monk,SG,25,SAC,13,0,23.3,4.2,10.5,.397,2.5,6.0,.410,1.7,4.5,.379,.515,2.4,2.8,.838,0.7,2.1,2.8,5.4,0.5,0.6,2.1,1.8,13.2,2024
297,Moses Moody,SG,21,GSW,15,1,17.6,2.7,5.9,.449,1.1,3.3,.340,1.5,2.6,.590,.545,0.9,1.2,.778,1.0,2.1,3.1,1.1,0.9,0.3,0.5,1.1,7.4,2024
298,Marcus Morris,PF,34,PHI,6,0,7.8,0.5,1.7,.300,0.2,0.8,.200,0.3,0.8,.400,.350,0.2,0.2,1.000,0.0,1.2,1.2,0.2,0.0,0.2,0.2,0.7,1.3,2024
299,Markieff Morris,PF,34,DAL,2,0,4.5,0.5,3.0,.167,0.0,2.0,.000,0.5,1.0,.500,.167,0.0,0.0,,0.0,0.5,0.5,0.5,0.0,0.0,0.0,0.0,1.0,2024
300,Dejounte Murray,SG,27,ATL,12,12,34.5,8.0,16.5,.485,2.3,5.8,.391,5.8,10.8,.535,.553,3.0,3.7,.818,0.5,3.8,4.3,5.4,1.4,0.3,2.6,1.4,21.3,2024
301,Jamal Murray,PG,26,DEN,7,7,30.9,6.0,13.9,.433,2.0,4.6,.438,4.0,9.3,.431,.505,2.3,2.7,.842,0.4,2.1,2.6,7.4,0.3,0.7,2.3,1.9,16.3,2024
302,Keegan Murray,SF,23,SAC,13,13,33.1,4.9,12.6,.390,2.1,7.2,.287,2.8,5.4,.529,.473,1.3,1.5,.850,1.8,4.3,6.2,2.0,1.4,0.6,1.2,2.4,13.2,2024
303,Kris Murray,SF,23,POR,8,0,8.6,0.5,1.6,.308,0.3,1.0,.250,0.3,0.6,.400,.385,0.4,0.5,.750,0.3,0.5,0.8,0.4,0.5,0.1,0.1,1.0,1.6,2024
304,Mike Muscala,C,32,WAS,6,1,10.7,1.0,2.7,.375,0.3,1.3,.250,0.7,1.3,.500,.438,0.7,0.7,1.000,0.3,1.8,2.2,0.7,0.2,0.2,1.0,1.2,3.0,2024
305,Svi Mykhailiuk,SF,26,BOS,7,0,8.3,0.9,2.4,.353,0.6,2.0,.286,0.3,0.4,.667,.471,0.0,0.0,,0.1,0.6,0.7,0.1,0.4,0.0,0.6,0.6,2.3,2024
306,Larry Nance Jr.,C,31,NOP,10,0,15.7,1.6,3.3,.485,0.3,0.9,.333,1.3,2.4,.542,.530,0.3,0.6,.500,1.3,3.1,4.4,0.8,0.5,0.1,0.9,1.4,3.8,2024
307,Andrew Nembhard,PG,24,IND,11,1,18.4,3.3,6.8,.480,0.7,2.5,.286,2.5,4.3,.596,.533,0.3,0.4,.750,0.4,1.5,1.8,4.0,0.8,0.0,1.5,1.9,7.5,2024
308,Aaron Nesmith,SF,24,IND,12,0,23.2,3.7,7.3,.500,1.9,4.2,.460,1.8,3.2,.553,.631,1.0,1.6,.632,0.8,2.5,3.3,1.1,0.8,0.6,0.5,2.9,10.3,2024
309,Georges Niang,PF,30,CLE,13,1,22.7,2.5,6.7,.379,1.3,4.1,.321,1.2,2.6,.471,.477,0.6,0.6,1.000,0.3,3.5,3.8,1.1,0.2,0.2,0.6,2.2,7.0,2024
310,Daishen Nix,PG,21,MIN,3,0,2.3,0.3,0.3,1.000,0.0,0.0,,0.3,0.3,1.000,1.000,0.0,0.0,,0.0,0.0,0.0,0.0,0.3,0.0,0.0,0.0,0.7,2024
311,Zeke Nnaji,PF,23,DEN,14,0,10.9,1.4,2.6,.528,0.2,0.5,.429,1.1,2.1,.552,.569,0.8,1.2,.647,0.9,1.4,2.4,0.4,0.2,0.4,0.6,1.4,3.7,2024
312,Markquis Nowell,SG,24,TOR,1,0,4.0,0.0,1.0,.000,0.0,0.0,,0.0,1.0,.000,.000,2.0,2.0,1.000,2.0,0.0,2.0,2.0,1.0,0.0,0.0,0.0,2.0,2024
313,Jusuf Nurkić,C,29,PHO,13,13,27.4,3.5,8.1,.429,0.6,2.4,.258,2.8,5.7,.500,.467,3.0,3.9,.765,2.8,6.2,8.9,4.3,1.2,0.9,2.1,3.5,10.5,2024
314,Jordan Nwora,SF,25,IND,4,0,14.8,3.5,7.3,.483,1.0,3.3,.308,2.5,4.0,.625,.552,0.8,1.0,.750,0.8,2.0,2.8,1.3,0.8,0.3,1.5,1.3,8.8,2024
315,Royce O'Neale,SF,30,BRK,13,4,30.2,2.6,7.4,.354,2.3,6.1,.380,0.3,1.3,.235,.510,0.2,0.3,.500,0.7,4.8,5.5,3.2,0.6,0.8,1.1,3.0,7.7,2024
316,Chuma Okeke,SF,25,ORL,6,0,3.8,0.3,1.0,.333,0.2,0.7,.250,0.2,0.3,.500,.417,0.0,0.0,,0.5,0.7,1.2,0.2,0.0,0.0,0.2,0.0,0.8,2024
317,Josh Okogie,SG,25,PHO,13,6,21.7,2.2,4.9,.438,0.6,2.2,.286,1.5,2.8,.556,.500,2.2,2.5,.848,1.7,1.3,3.0,1.0,0.8,0.4,0.8,1.2,7.1,2024
318,Onyeka Okongwu,C,23,ATL,12,0,22.1,3.2,5.3,.594,0.3,0.8,.300,2.9,4.5,.648,.617,2.3,2.5,.933,2.7,4.0,6.7,1.4,0.6,0.9,1.1,3.2,8.9,2024
319,Isaac Okoro,SF,23,CLE,6,5,28.8,3.5,7.2,.488,1.0,2.5,.400,2.5,4.7,.536,.558,1.5,2.2,.692,2.0,2.8,4.8,2.2,1.2,0.5,1.0,3.8,9.5,2024
320,Kelly Olynyk,C,32,UTA,13,0,20.6,2.7,4.7,.574,0.8,1.8,.417,1.9,2.8,.676,.656,1.4,1.5,.900,2.2,3.5,5.8,3.8,0.9,0.2,2.0,3.1,7.5,2024
321,Eugene Omoruyi,SF,26,WAS,8,0,6.5,1.9,2.8,.682,0.4,0.9,.429,1.5,1.9,.800,.750,0.9,1.3,.700,0.5,1.4,1.9,0.8,0.4,0.1,0.8,0.8,5.0,2024
322,Cedi Osman,SF,28,SAS,14,0,19.6,3.2,6.3,.511,1.6,3.6,.451,1.6,2.6,.595,.642,0.4,0.6,.750,0.5,1.6,2.1,1.3,0.4,0.2,0.5,1.4,8.5,2024
323,Kelly Oubre Jr.,SF,28,PHI,8,5,29.0,5.9,11.8,.500,1.8,4.6,.378,4.1,7.1,.579,.574,2.8,3.5,.786,1.4,3.8,5.1,0.6,1.4,0.4,0.9,2.4,16.3,2024
324,Chris Paul,PG,38,GSW,15,6,28.8,3.5,8.9,.398,1.3,3.9,.328,2.3,5.0,.453,.470,1.5,1.6,.917,0.3,3.5,3.9,7.7,1.7,0.1,1.2,1.7,9.8,2024
325,Cameron Payne,PG,29,MIL,14,2,17.9,2.4,4.8,.507,1.4,2.7,.526,1.0,2.1,.483,.657,0.4,0.4,1.000,0.1,1.2,1.3,2.4,0.5,0.1,0.8,2.2,6.7,2024
326,Gary Payton II,SG,31,GSW,12,0,17.3,2.4,5.3,.453,0.8,2.2,.346,1.7,3.2,.526,.523,0.4,0.7,.625,1.2,1.8,3.0,1.0,1.2,0.2,0.5,1.6,6.0,2024
327,Filip Petrušev,C,23,TOT,3,0,3.3,0.3,0.7,.500,0.0,0.0,,0.3,0.7,.500,.500,0.3,0.7,.500,0.0,0.3,0.3,0.0,0.0,0.0,0.0,0.3,1.0,2024
327,Filip Petrušev,C,23,PHI,1,0,3.0,0.0,0.0,,0.0,0.0,,0.0,0.0,,,0.0,0.0,,0.0,1.0,1.0,0.0,0.0,0.0,0.0,0.0,0.0,2024
327,Filip Petrušev,C,23,SAC,2,0,3.5,0.5,1.0,.500,0.0,0.0,,0.5,1.0,.500,.500,0.5,1.0,.500,0.0,0.0,0.0,0.0,0.0,0.0,0.0,0.5,1.5,2024
328,Julian Phillips,SF,20,CHI,6,0,2.8,0.2,0.8,.200,0.0,0.3,.000,0.2,0.5,.333,.200,0.0,0.0,,0.0,0.3,0.3,0.0,0.0,0.0,0.0,0.3,0.3,2024
329,Jalen Pickett,SG,24,DEN,8,0,7.8,1.1,1.9,.600,0.6,1.3,.500,0.5,0.6,.800,.767,0.3,0.3,1.000,0.1,1.0,1.1,0.9,0.4,0.0,0.5,0.8,3.1,2024
330,Mason Plumlee,C,33,LAC,6,0,17.0,2.0,3.2,.632,0.0,0.0,,2.0,3.2,.632,.632,1.0,2.3,.429,1.3,4.2,5.5,1.0,0.7,0.2,0.8,1.0,5.0,2024
331,Brandin Podziemski,SG,20,GSW,10,0,15.9,2.4,5.0,.480,1.0,2.2,.455,1.4,2.8,.500,.580,0.9,1.1,.818,0.8,3.1,3.9,2.2,0.3,0.0,1.2,1.8,6.7,2024
332,Jakob Poeltl,C,28,TOR,13,13,25.6,5.0,7.2,.699,0.0,0.0,,5.0,7.2,.699,.699,1.0,2.0,.500,2.8,5.5,8.3,2.2,0.9,1.0,1.6,2.7,11.0,2024
333,Aleksej Pokusevski,PF,22,OKC,5,0,6.2,0.4,1.6,.250,0.2,1.2,.167,0.2,0.4,.500,.313,0.2,0.4,.500,0.4,1.0,1.4,1.0,0.0,0.2,0.6,0.8,1.2,2024
334,Jordan Poole,SG,24,WAS,13,13,29.2,6.2,15.5,.396,1.9,6.8,.284,4.2,8.8,.482,.458,2.4,2.8,.838,0.5,1.9,2.4,3.5,1.1,0.5,2.9,3.2,16.6,2024
335,Craig Porter Jr.,PG,23,CLE,8,0,11.4,2.5,4.5,.556,0.0,0.1,.000,2.5,4.4,.571,.556,1.5,2.1,.706,0.4,1.8,2.1,1.9,0.8,0.3,0.8,1.4,6.5,2024
336,Michael Porter Jr.,SF,25,DEN,14,14,30.6,6.4,13.9,.464,2.9,7.6,.377,3.6,6.3,.568,.567,0.9,1.2,.706,1.9,6.3,8.2,1.4,0.4,0.8,1.2,2.4,16.6,2024
337,Otto Porter Jr.,SF,30,TOR,6,1,14.8,1.2,3.2,.368,0.8,2.2,.385,0.3,1.0,.333,.500,0.2,0.2,1.000,0.5,2.0,2.5,0.2,0.5,0.5,0.0,1.2,3.3,2024
338,Bobby Portis,PF,28,MIL,14,0,23.3,5.2,10.3,.507,0.9,2.6,.324,4.4,7.6,.570,.549,1.8,2.4,.758,1.0,5.5,6.5,1.4,0.9,0.4,1.1,2.1,13.1,2024
339,Kristaps Porziņģis,C,28,BOS,13,13,31.2,6.5,11.9,.548,1.6,4.8,.333,4.9,7.1,.696,.616,4.8,5.9,.818,1.5,5.4,6.9,1.9,0.6,1.9,1.2,3.3,19.5,2024
340,Dwight Powell,C,32,DAL,13,1,16.5,1.6,2.2,.724,0.1,0.1,1.000,1.5,2.2,.714,.741,2.0,2.6,.765,1.6,2.2,3.8,1.4,0.4,0.6,0.4,1.8,5.3,2024
341,Norman Powell,SG,30,LAC,12,0,25.3,4.4,9.0,.491,2.0,4.6,.436,2.4,4.4,.547,.602,2.3,2.9,.771,0.2,2.1,2.3,1.4,0.7,0.6,1.1,2.4,13.1,2024
342,Taurean Prince,PF,29,LAL,12,12,29.8,3.3,8.1,.402,1.3,4.4,.283,2.0,3.7,.545,.479,0.8,1.1,.769,0.4,1.6,2.0,1.2,0.7,0.4,0.5,2.7,8.6,2024
343,Payton Pritchard,PG,26,BOS,14,0,21.0,2.2,5.9,.373,1.1,3.5,.306,1.1,2.4,.471,.464,0.6,0.8,.727,1.3,2.1,3.4,3.3,0.4,0.0,0.6,1.4,6.1,2024
344,Olivier-Maxence Prosper,PF,21,DAL,6,0,5.7,0.7,1.8,.364,0.2,1.0,.167,0.5,0.8,.600,.409,0.7,1.3,.500,0.3,1.2,1.5,0.2,0.0,0.0,0.0,0.5,2.2,2024
345,Neemias Queta,C,24,BOS,1,0,5.0,0.0,1.0,.000,0.0,0.0,,0.0,1.0,.000,.000,0.0,0.0,,0.0,2.0,2.0,0.0,0.0,0.0,0.0,1.0,0.0,2024
346,Immanuel Quickley,SG,24,NYK,14,0,24.7,5.3,11.9,.446,1.9,5.4,.347,3.4,6.5,.527,.524,3.0,3.4,.894,0.3,3.1,3.4,3.4,0.5,0.0,1.2,2.0,15.4,2024
347,Lester Quinones,SG,23,GSW,2,0,4.5,1.0,3.0,.333,0.5,2.0,.250,0.5,1.0,.500,.417,0.0,0.0,,0.0,0.0,0.0,0.0,0.0,0.0,0.5,0.5,2.5,2024
348,Julius Randle,PF,29,NYK,14,14,34.6,6.6,17.6,.378,1.7,6.2,.276,4.9,11.4,.434,.427,4.5,6.7,.670,2.1,7.9,10.0,5.3,0.9,0.1,3.1,2.8,19.5,2024
349,Duop Reath,C,27,POR,5,0,13.2,2.2,7.0,.314,1.0,4.4,.227,1.2,2.6,.462,.386,0.8,0.8,1.000,0.8,1.2,2.0,1.2,0.0,0.2,0.8,1.8,6.2,2024
350,Austin Reaves,SG,25,LAL,14,8,30.4,4.6,10.1,.451,1.4,4.0,.357,3.1,6.1,.512,.521,2.8,3.4,.813,1.1,4.0,5.1,4.9,1.0,0.1,2.6,1.2,13.4,2024
351,Cam Reddish,SF,24,LAL,14,8,25.3,2.7,6.4,.422,1.1,3.1,.341,1.6,3.3,.500,.506,1.4,1.8,.800,0.5,2.2,2.7,1.1,1.8,0.3,0.6,1.6,7.9,2024
352,Paul Reed,C,24,PHI,13,0,13.0,1.9,3.5,.543,0.1,0.4,.200,1.8,3.2,.585,.554,0.2,0.3,.500,1.6,2.8,4.4,1.0,0.3,0.5,0.7,2.0,4.1,2024
353,Naz Reid,C,24,MIN,13,0,21.0,4.4,8.6,.509,1.8,4.4,.404,2.6,4.2,.618,.612,1.8,1.9,.960,0.8,3.0,3.8,0.7,0.6,0.4,1.1,1.5,12.4,2024
354,Jared Rhoden,SG,24,DET,5,0,6.0,1.0,1.8,.556,0.2,0.8,.250,0.8,1.0,.800,.611,0.4,0.4,1.000,0.2,0.6,0.8,0.6,0.0,0.0,0.4,0.8,2.6,2024
355,Nick Richards,C,26,CHO,11,0,17.5,3.0,3.8,.786,0.0,0.0,,3.0,3.8,.786,.786,2.5,3.1,.794,1.5,4.4,5.9,0.4,0.4,1.2,1.2,2.9,8.5,2024
356,Josh Richardson,SG,30,MIA,11,1,25.5,2.9,7.5,.390,1.1,4.1,.267,1.8,3.4,.541,.463,0.7,0.8,.889,0.3,2.3,2.5,2.5,0.5,0.3,1.1,1.8,7.6,2024
357,Duncan Robinson,SF,29,MIA,14,6,29.7,5.3,11.0,.481,3.2,7.4,.433,2.1,3.6,.580,.627,1.3,1.4,.900,0.3,2.4,2.7,2.7,0.4,0.1,0.9,2.2,15.1,2024
358,Jerome Robinson,SG,26,GSW,1,0,5.0,0.0,2.0,.000,0.0,0.0,,0.0,2.0,.000,.000,0.0,0.0,,1.0,1.0,2.0,0.0,0.0,0.0,0.0,0.0,0.0,2024
359,Mitchell Robinson,C,25,NYK,14,14,29.8,2.9,5.1,.577,0.0,0.0,,2.9,5.1,.577,.577,0.7,1.9,.385,6.1,5.5,11.6,0.5,1.4,1.2,0.7,1.9,6.6,2024
360,Orlando Robinson,C,23,MIA,3,0,10.7,1.3,3.0,.444,0.3,0.3,1.000,1.0,2.7,.375,.500,0.7,0.7,1.000,0.7,2.0,2.7,2.3,0.3,0.3,1.0,1.7,3.7,2024
361,Jeremiah Robinson-Earl,PF,23,NOP,7,1,14.0,1.9,3.6,.520,0.9,1.6,.545,1.0,2.0,.500,.640,0.9,0.9,1.000,1.1,2.0,3.1,0.7,0.3,0.0,0.9,1.3,5.4,2024
362,David Roddy,PF,22,MEM,13,1,22.7,3.2,7.4,.427,0.6,2.8,.216,2.5,4.5,.559,.469,0.5,0.8,.636,1.1,2.5,3.6,1.0,0.6,0.5,0.8,1.8,7.5,2024
363,Ryan Rollins,PG,21,WAS,8,0,6.1,1.1,2.3,.500,0.1,0.3,.500,1.0,2.0,.500,.528,1.6,2.0,.813,0.3,1.0,1.3,1.3,1.0,0.3,0.9,0.8,4.0,2024
364,Derrick Rose,PG,35,MEM,5,0,17.0,3.0,8.2,.366,1.2,2.2,.545,1.8,6.0,.300,.439,1.0,1.4,.714,0.8,1.0,1.8,2.4,0.4,0.2,1.2,0.8,8.2,2024
365,Terry Rozier,SG,29,CHO,5,5,35.8,8.4,18.0,.467,1.6,6.2,.258,6.8,11.8,.576,.511,3.6,4.4,.818,0.8,3.2,4.0,5.0,0.6,0.4,2.2,0.8,22.0,2024
366,Rayan Rupert,SG,19,POR,5,0,4.8,0.2,1.8,.111,0.2,1.0,.200,0.0,0.8,.000,.167,0.4,0.8,.500,0.2,0.0,0.2,0.2,0.2,0.0,0.4,0.2,1.0,2024
367,D'Angelo Russell,PG,27,LAL,14,14,32.1,6.5,13.9,.467,2.2,5.9,.378,4.3,8.1,.531,.546,2.1,2.7,.789,0.5,3.0,3.5,6.2,0.6,0.6,2.0,2.2,17.4,2024
368,Matt Ryan,SF,26,NOP,13,1,22.9,2.9,6.4,.458,2.5,5.2,.471,0.5,1.2,.400,.651,1.0,1.1,.929,0.4,1.9,2.3,1.1,0.4,0.1,1.2,1.8,9.3,2024
369,Domantas Sabonis,C,27,SAC,13,13,34.8,7.8,12.4,.627,0.5,1.2,.375,7.3,11.2,.655,.646,4.0,6.3,.634,3.7,9.0,12.7,7.2,0.8,0.8,3.5,3.5,20.0,2024
370,Luka Šamanić,PF,24,UTA,5,0,3.4,1.0,2.0,.500,0.4,1.0,.400,0.6,1.0,.600,.600,0.2,0.2,1.000,0.0,0.8,0.8,0.2,0.2,0.0,0.0,0.2,2.6,2024
371,Jermaine Samuels,SF,25,HOU,3,0,6.7,0.7,1.0,.667,0.0,0.3,.000,0.7,0.7,1.000,.667,0.7,0.7,1.000,0.3,0.7,1.0,0.0,0.0,0.3,0.0,1.0,2.0,2024
372,Gui Santos,PF,21,GSW,1,0,4.0,1.0,3.0,.333,0.0,1.0,.000,1.0,2.0,.500,.333,0.0,0.0,,2.0,1.0,3.0,1.0,0.0,0.0,0.0,0.0,2.0,2024
373,Dario Šarić,C,29,GSW,15,3,21.4,3.4,8.1,.418,1.5,4.3,.338,1.9,3.8,.509,.508,1.5,1.7,.880,1.7,4.7,6.3,2.0,0.5,0.4,0.9,2.2,9.7,2024
374,Olivier Sarr,C,24,OKC,5,0,10.8,0.6,1.2,.500,0.4,0.6,.667,0.2,0.6,.333,.667,0.8,1.2,.667,0.8,3.2,4.0,0.2,0.0,1.0,0.4,2.0,2.4,2024
375,Marcus Sasser,PG,23,DET,15,0,18.7,3.4,7.1,.481,1.3,3.5,.385,2.1,3.6,.574,.575,0.5,0.5,1.000,0.1,2.1,2.2,2.7,0.7,0.1,0.8,1.5,8.6,2024
376,Admiral Schofield,PF,26,ORL,2,0,4.0,1.0,2.5,.400,0.5,2.0,.250,0.5,0.5,1.000,.500,0.0,1.0,.000,0.0,0.0,0.0,0.0,0.0,0.0,0.5,0.5,2.5,2024
377,Dennis Schröder,PG,30,TOR,13,13,31.3,5.6,12.9,.435,1.8,5.1,.348,3.8,7.8,.490,.503,2.6,3.2,.829,0.6,2.4,3.0,7.3,1.0,0.2,1.8,1.6,15.6,2024
378,Dereon Seabron,SG,23,NOP,5,0,10.4,0.8,2.6,.308,0.2,0.4,.500,0.6,2.2,.273,.346,1.0,1.2,.833,0.2,1.2,1.4,0.8,0.4,0.2,0.0,0.8,2.8,2024
379,Alperen Şengün,C,21,HOU,12,12,32.0,8.9,15.2,.588,0.8,2.2,.346,8.2,13.0,.628,.613,2.3,3.8,.609,2.8,5.9,8.8,5.7,0.9,0.5,2.7,3.1,20.9,2024
380,Brice Sensabaugh,SF,20,UTA,1,0,2.0,0.0,2.0,.000,0.0,0.0,,0.0,2.0,.000,.000,0.0,0.0,,1.0,1.0,2.0,0.0,0.0,0.0,0.0,0.0,0.0,2024
381,Collin Sexton,SG,25,UTA,13,0,19.9,4.2,9.2,.454,1.0,3.1,.325,3.2,6.1,.519,.508,3.1,3.5,.889,0.9,1.7,2.6,3.1,0.3,0.3,1.8,1.7,12.4,2024
382,Landry Shamet,SG,26,WAS,9,0,15.2,2.7,6.0,.444,1.3,4.0,.333,1.3,2.0,.667,.556,0.1,0.2,.500,0.1,1.3,1.4,1.3,0.6,0.1,0.4,1.7,6.8,2024
383,Day'Ron Sharpe,C,22,BRK,13,0,14.5,2.6,4.7,.557,0.0,0.2,.000,2.6,4.5,.576,.557,1.4,2.2,.643,2.5,4.2,6.6,0.5,0.3,0.6,1.3,1.9,6.6,2024
384,Shaedon Sharpe,SG,20,POR,13,12,37.3,5.9,14.6,.405,2.0,5.9,.338,3.9,8.7,.451,.474,3.8,4.7,.820,1.8,3.8,5.6,3.2,0.8,0.5,3.3,2.9,17.7,2024
385,Ben Sheppard,SG,22,IND,4,0,12.3,1.8,4.3,.412,1.0,2.8,.364,0.8,1.5,.500,.529,0.5,0.5,1.000,0.3,0.8,1.0,1.0,0.3,0.0,0.3,1.0,5.0,2024
386,Pascal Siakam,PF,29,TOR,13,13,33.7,7.8,15.8,.493,1.0,4.1,.245,6.8,11.7,.579,.524,2.8,4.1,.698,1.4,5.8,7.2,4.9,0.8,0.2,2.6,2.5,19.4,2024
387,Ben Simmons,PG,27,BRK,6,6,31.8,3.2,6.0,.528,0.0,0.0,,3.2,6.0,.528,.528,0.2,0.7,.250,2.7,8.2,10.8,6.7,0.5,0.8,2.5,2.7,6.5,2024
388,Anfernee Simons,SG,24,POR,1,1,27.0,6.0,14.0,.429,2.0,6.0,.333,4.0,8.0,.500,.500,4.0,4.0,1.000,1.0,1.0,2.0,4.0,2.0,0.0,0.0,2.0,18.0,2024
389,Jericho Sims,C,25,NYK,7,0,3.0,0.3,0.4,.667,0.0,0.0,,0.3,0.4,.667,.667,0.1,0.4,.333,0.1,1.3,1.4,0.1,0.0,0.0,0.0,0.1,0.7,2024
390,Jalen Slawson,SF,24,SAC,3,0,5.3,0.7,1.0,.667,0.0,0.3,.000,0.7,0.7,1.000,.667,0.0,0.0,,0.0,1.3,1.3,0.7,0.0,0.3,0.3,0.3,1.3,2024
391,Marcus Smart,PG,29,MEM,11,11,29.9,4.6,10.8,.429,1.6,5.5,.295,3.0,5.3,.569,.504,1.5,1.9,.810,0.3,2.2,2.5,5.0,2.0,0.4,3.4,3.2,12.5,2024
392,Dennis Smith Jr.,PG,26,BRK,11,0,17.0,2.3,5.7,.397,0.6,1.7,.368,1.6,4.0,.409,.452,0.6,0.7,.875,0.7,1.5,2.3,3.2,0.6,0.2,1.0,2.3,5.8,2024
393,Dru Smith,SG,26,MIA,8,0,16.3,1.9,4.1,.455,0.9,2.1,.412,1.0,2.0,.500,.561,0.3,0.3,1.000,0.8,1.0,1.8,1.8,1.1,0.4,0.6,1.4,4.9,2024
394,Ish Smith,PG,35,CHO,7,0,15.7,1.9,3.4,.542,0.1,0.3,.500,1.7,3.1,.545,.563,0.0,0.0,,0.3,1.9,2.1,2.0,0.4,0.1,1.1,0.9,3.9,2024
395,Jabari Smith Jr.,PF,20,HOU,12,12,29.2,5.1,10.6,.480,1.7,4.9,.339,3.4,5.7,.603,.559,0.8,1.1,.692,1.6,5.4,7.0,1.3,0.7,0.6,1.3,3.6,12.6,2024
396,Jalen Smith,C,23,IND,10,0,15.8,4.3,6.0,.717,1.1,1.6,.688,3.2,4.4,.727,.808,1.2,1.7,.706,1.7,4.1,5.8,1.1,0.4,0.3,1.2,2.5,10.9,2024
397,Nick Smith Jr.,SG,19,CHO,5,0,7.4,1.0,3.2,.313,0.6,1.4,.429,0.4,1.8,.222,.406,0.0,0.0,,0.2,0.6,0.8,0.4,0.2,0.2,0.4,0.4,2.6,2024
398,Jeremy Sochan,PG,20,SAS,14,14,28.7,4.1,9.6,.430,0.7,1.9,.370,3.4,7.7,.444,.467,1.4,1.9,.741,1.4,4.1,5.6,4.3,0.9,0.3,2.4,3.1,10.4,2024
399,Jaden Springer,SG,21,PHI,9,0,12.4,1.4,3.6,.406,0.3,1.1,.300,1.1,2.4,.455,.453,0.7,0.9,.750,1.0,1.0,2.0,1.0,0.4,0.7,1.0,1.7,3.9,2024
400,Lamar Stevens,PF,26,BOS,4,0,5.0,1.0,1.8,.571,0.3,0.3,1.000,0.8,1.5,.500,.643,0.0,0.0,,1.0,0.5,1.5,0.5,0.3,0.0,0.8,1.0,2.3,2024
401,Isaiah Stewart,PF,22,DET,15,15,32.1,4.4,9.5,.465,1.6,3.9,.414,2.8,5.6,.500,.549,1.5,1.9,.759,1.9,5.5,7.5,1.5,0.1,0.8,1.9,2.7,11.9,2024
402,Julian Strawther,SF,21,DEN,11,0,11.2,1.8,4.6,.392,0.9,3.1,.294,0.9,1.5,.588,.490,0.4,0.5,.667,0.0,1.0,1.0,0.7,0.2,0.3,0.1,1.3,4.9,2024
403,Max Strus,SF,27,CLE,13,13,35.1,5.1,11.8,.431,2.8,7.7,.360,2.3,4.1,.566,.549,1.4,1.6,.857,0.7,5.2,5.8,3.8,0.9,0.6,1.5,2.4,14.3,2024
404,Jalen Suggs,SG,22,ORL,12,12,27.0,4.1,9.9,.412,1.5,4.4,.340,2.6,5.5,.470,.487,2.8,3.3,.825,0.9,3.1,4.0,2.8,2.1,0.5,1.9,2.7,12.4,2024
405,Cole Swider,SF,24,MIA,1,0,2.0,2.0,3.0,.667,1.0,2.0,.500,1.0,1.0,1.000,.833,0.0,0.0,,0.0,1.0,1.0,0.0,0.0,0.0,0.0,0.0,5.0,2024
406,Jae'Sean Tate,SF,28,HOU,12,0,19.1,2.7,5.1,.525,0.9,2.2,.423,1.8,2.9,.600,.615,0.4,0.6,.714,1.2,2.5,3.7,1.2,1.3,0.3,0.3,2.7,6.7,2024
407,Jayson Tatum,PF,25,BOS,14,14,36.9,10.1,20.0,.507,3.4,8.9,.384,6.7,11.1,.606,.593,4.5,5.6,.797,0.8,8.2,9.0,4.1,1.1,0.4,3.1,2.3,28.2,2024
408,Terry Taylor,PF,24,CHI,4,0,2.3,0.3,0.3,1.000,0.0,0.0,,0.3,0.3,1.000,1.000,0.0,0.0,,0.0,0.3,0.3,0.0,0.0,0.0,0.0,0.0,0.5,2024
409,Garrett Temple,SG,37,TOR,4,0,3.3,0.8,1.0,.750,0.3,0.3,1.000,0.5,0.8,.667,.875,0.5,0.5,1.000,0.0,0.5,0.5,0.0,0.3,0.0,0.0,0.0,2.3,2024
410,Dalen Terry,SG,21,CHI,4,0,2.8,0.8,2.0,.375,0.3,1.0,.250,0.5,1.0,.500,.438,0.0,0.5,.000,0.0,1.0,1.0,0.8,0.0,0.0,0.3,0.3,1.8,2024
411,Daniel Theis,C,31,TOT,3,0,13.3,3.3,5.7,.588,0.3,1.0,.333,3.0,4.7,.643,.618,0.7,1.3,.500,1.0,2.3,3.3,0.7,0.7,0.0,0.3,2.3,7.7,2024
411,Daniel Theis,C,31,IND,1,0,8.0,1.0,4.0,.250,0.0,1.0,.000,1.0,3.0,.333,.250,0.0,0.0,,0.0,0.0,0.0,0.0,0.0,0.0,0.0,1.0,2.0,2024
411,Daniel Theis,C,31,LAC,2,0,16.0,4.5,6.5,.692,0.5,1.0,.500,4.0,5.5,.727,.731,1.0,2.0,.500,1.5,3.5,5.0,1.0,1.0,0.0,0.5,3.0,10.5,2024
412,Cam Thomas,SG,22,BRK,8,7,32.4,9.9,20.6,.479,2.1,6.6,.321,7.8,14.0,.554,.530,5.0,5.9,.851,0.3,3.5,3.8,2.1,0.9,0.6,1.3,1.9,26.9,2024
413,Amen Thompson,SF,21,HOU,4,0,16.8,2.3,5.5,.409,0.5,2.8,.182,1.8,2.8,.636,.455,1.3,2.0,.625,0.3,2.5,2.8,1.5,0.5,0.3,1.5,2.3,6.3,2024
414,Ausar Thompson,SF,21,DET,15,15,30.5,4.5,10.3,.439,0.3,1.9,.138,4.3,8.4,.508,.452,2.0,2.9,.698,3.7,6.3,10.1,3.2,1.1,1.7,2.4,3.7,11.3,2024
415,Klay Thompson,SF,33,GSW,14,14,29.3,5.2,12.9,.403,2.5,7.3,.343,2.7,5.6,.481,.500,1.5,1.7,.875,0.5,2.8,3.3,2.1,0.4,0.5,1.9,2.2,14.4,2024
416,Tristan Thompson,PF,32,CLE,11,0,8.5,0.9,1.4,.667,0.0,0.0,,0.9,1.4,.667,.667,0.5,0.8,.556,0.8,1.5,2.3,0.5,0.1,0.3,0.5,1.1,2.3,2024
417,JT Thor,PF,21,CHO,13,1,16.8,1.6,3.8,.420,0.7,1.9,.360,0.9,1.9,.480,.510,0.0,0.3,.000,1.0,2.2,3.2,0.7,0.3,0.4,0.2,1.3,3.9,2024
418,Matisse Thybulle,SF,26,POR,13,9,20.5,2.3,4.5,.508,1.5,3.6,.404,0.8,0.9,.917,.669,0.3,0.4,.800,0.2,1.4,1.6,1.2,1.2,0.6,0.5,1.0,6.4,2024
419,Xavier Tillman Sr.,C,25,MEM,7,5,25.9,3.9,9.1,.422,1.0,2.9,.350,2.9,6.3,.455,.477,0.6,1.3,.444,2.0,4.7,6.7,2.4,1.6,0.9,1.4,2.9,9.3,2024
420,Obi Toppin,PF,25,IND,12,12,22.2,4.4,7.4,.596,0.7,2.4,.276,3.8,5.0,.750,.640,1.2,1.4,.824,1.0,2.3,3.3,0.7,0.8,0.3,0.6,1.8,10.7,2024
421,Karl-Anthony Towns,PF,28,MIN,13,13,33.5,7.9,16.0,.495,2.0,5.4,.371,5.9,10.6,.558,.558,3.7,4.1,.906,1.0,7.7,8.7,2.9,1.0,0.8,2.4,3.2,21.5,2024
422,Gary Trent Jr.,SG,25,TOR,10,2,27.4,4.1,10.5,.390,2.0,5.4,.370,2.1,5.1,.412,.486,1.3,2.3,.565,0.4,1.9,2.3,1.1,1.0,0.2,0.8,1.1,11.5,2024
423,P.J. Tucker,PF,38,TOT,11,3,17.3,0.5,1.5,.353,0.5,1.3,.357,0.1,0.3,.333,.500,0.3,0.3,1.000,1.2,2.4,3.5,0.4,0.5,0.3,0.3,2.4,1.8,2024
423,P.J. Tucker,PF,38,PHI,3,3,22.0,0.7,1.7,.400,0.7,1.7,.400,0.0,0.0,,.600,0.0,0.0,,0.3,4.3,4.7,0.0,1.0,0.7,0.7,3.0,2.0,2024
423,P.J. Tucker,PF,38,LAC,8,0,15.5,0.5,1.5,.333,0.4,1.1,.333,0.1,0.4,.333,.458,0.4,0.4,1.000,1.5,1.6,3.1,0.5,0.4,0.1,0.1,2.1,1.8,2024
424,Myles Turner,C,27,IND,12,12,26.3,6.0,12.0,.500,1.8,4.7,.375,4.3,7.3,.580,.573,3.5,4.5,.778,1.6,5.6,7.2,1.6,0.6,1.8,1.6,3.4,17.3,2024
425,Hunter Tyson,PF,23,DEN,5,0,2.8,0.2,0.8,.250,0.0,0.6,.000,0.2,0.2,1.000,.250,0.0,0.0,,0.0,0.6,0.6,0.2,0.0,0.0,0.0,0.8,0.4,2024
426,Stanley Umude,SG,24,DET,11,0,11.2,1.6,3.0,.545,1.1,1.9,.571,0.5,1.1,.500,.727,1.7,1.9,.905,0.1,1.7,1.8,0.5,0.2,0.3,0.5,1.3,6.1,2024
427,Jonas Valančiūnas,C,31,NOP,14,14,25.1,5.3,9.8,.540,0.8,2.1,.379,4.5,7.7,.583,.580,2.0,2.4,.848,1.9,6.8,8.7,2.5,0.4,1.7,1.4,2.9,13.4,2024
428,Fred VanVleet,PG,29,HOU,12,12,37.1,5.7,14.9,.380,3.1,8.6,.359,2.6,6.3,.408,.483,2.2,2.4,.897,0.3,3.5,3.8,9.3,0.6,0.3,1.7,1.8,16.6,2024
429,Devin Vassell,SG,23,SAS,9,8,28.9,6.2,12.6,.496,2.4,5.7,.431,3.8,6.9,.548,.593,2.4,3.3,.733,0.4,3.1,3.6,2.8,1.0,0.1,1.3,0.9,17.3,2024
430,Sasha Vezenkov,PF,28,SAC,11,0,14.0,2.3,5.1,.446,1.2,3.4,.351,1.1,1.7,.632,.563,0.3,0.3,1.000,0.2,1.7,1.9,0.3,0.5,0.3,0.2,1.4,6.0,2024
431,Gabe Vincent,PG,27,LAL,4,0,28.3,2.8,7.0,.393,0.3,3.5,.071,2.5,3.5,.714,.411,0.3,0.5,.500,0.5,0.5,1.0,3.0,1.5,0.0,0.5,2.5,6.0,2024
432,Nikola Vučević,C,33,CHI,15,15,34.2,7.3,15.7,.464,0.9,3.5,.245,6.4,12.1,.527,.491,1.5,1.9,.821,2.8,7.5,10.3,2.9,0.8,0.6,1.9,3.0,16.9,2024
433,Dean Wade,PF,27,CLE,12,6,19.5,1.1,3.0,.361,1.0,2.8,.353,0.1,0.2,.500,.528,0.2,0.3,.500,0.7,3.1,3.8,0.8,0.7,0.3,0.3,2.0,3.3,2024
434,Franz Wagner,SF,22,ORL,13,13,32.8,6.8,16.4,.418,1.6,5.5,.292,5.2,10.8,.482,.467,3.2,3.8,.857,1.2,4.5,5.6,3.1,1.2,0.2,1.9,2.2,18.5,2024
435,Moritz Wagner,C,26,ORL,13,0,19.5,4.5,7.2,.634,0.6,1.7,.364,3.9,5.5,.718,.677,2.1,2.5,.818,1.5,2.9,4.4,1.2,0.5,0.5,1.2,2.8,11.8,2024
436,Ish Wainright,SF,29,POR,2,0,2.5,0.0,0.5,.000,0.0,0.5,.000,0.0,0.0,,.000,0.0,0.0,,0.0,0.0,0.0,0.0,0.5,0.0,0.0,0.5,0.0,2024
437,Jabari Walker,SF,21,POR,13,0,16.1,2.6,5.8,.453,0.6,2.1,.296,2.0,3.7,.542,.507,1.2,1.6,.714,1.3,2.9,4.2,0.6,0.8,0.6,0.9,1.8,7.0,2024
438,Jarace Walker,PF,20,IND,4,0,10.3,1.8,4.5,.389,0.0,1.3,.000,1.8,3.3,.538,.389,0.8,0.8,1.000,0.3,1.8,2.0,1.5,0.5,0.5,0.3,1.0,4.3,2024
439,Lonnie Walker IV,SG,25,BRK,12,0,22.5,6.1,11.9,.510,2.6,5.7,.456,3.5,6.3,.560,.619,1.8,2.3,.786,0.2,3.0,3.2,2.0,0.7,0.4,1.3,1.0,16.6,2024
440,Cason Wallace,SG,20,OKC,14,2,22.9,2.9,4.6,.625,0.9,1.7,.542,1.9,2.9,.675,.727,0.6,0.6,1.000,0.5,1.8,2.3,1.7,0.6,0.4,0.6,1.8,7.3,2024
441,P.J. Washington,PF,25,CHO,13,12,32.2,5.9,13.0,.456,1.7,5.5,.310,4.2,7.5,.561,.521,1.3,1.8,.739,1.0,4.0,5.0,1.9,0.5,0.7,1.5,2.7,14.8,2024
442,TyTy Washington Jr.,PG,22,MIL,2,0,3.0,0.5,1.5,.333,0.5,1.0,.500,0.0,0.5,.000,.500,0.0,0.0,,0.0,0.5,0.5,0.0,0.5,0.0,1.0,0.0,1.5,2024
443,Yuta Watanabe,SF,29,PHO,12,0,18.6,1.8,4.6,.382,1.3,3.6,.372,0.4,1.0,.417,.527,0.5,0.6,.857,0.6,2.1,2.7,0.7,0.3,0.3,0.8,1.8,5.3,2024
444,Lindy Waters III,SG,26,OKC,6,0,7.5,1.0,2.2,.462,1.0,2.2,.462,0.0,0.0,,.692,0.0,0.0,,0.0,0.5,0.5,0.5,0.0,0.0,0.0,0.2,3.0,2024
445,Trendon Watford,PF,23,BRK,7,0,15.1,2.7,5.4,.500,0.3,1.0,.286,2.4,4.4,.548,.526,1.1,1.1,1.000,1.4,2.4,3.9,2.4,0.7,0.3,1.1,2.1,6.9,2024
446,Peyton Watson,SF,21,DEN,13,0,14.2,1.9,3.5,.543,0.3,1.1,.286,1.6,2.5,.656,.587,0.5,0.8,.600,0.4,1.4,1.8,0.8,0.5,1.0,0.7,1.3,4.6,2024
447,Victor Wembanyama,PF,20,SAS,14,14,29.9,7.0,16.5,.424,1.5,5.6,.269,5.5,10.9,.503,.470,3.1,3.9,.782,2.0,7.1,9.1,2.5,1.0,2.6,3.6,2.6,18.6,2024
448,Blake Wesley,SG,20,SAS,4,0,5.3,0.8,2.0,.375,0.0,0.3,.000,0.8,1.8,.429,.375,0.3,0.5,.500,0.3,0.3,0.5,0.8,0.0,0.3,0.3,0.8,1.8,2024
449,Russell Westbrook,PG,35,LAC,12,10,29.2,5.5,12.4,.443,1.0,3.3,.308,4.5,9.2,.491,.483,1.2,2.1,.560,1.3,5.0,6.3,5.4,1.8,0.3,2.9,2.6,13.2,2024
450,Coby White,PG,23,CHI,15,15,31.6,4.5,11.3,.396,1.9,5.9,.326,2.5,5.3,.475,.482,1.3,1.6,.792,0.3,2.6,2.9,4.1,1.1,0.3,1.8,2.7,12.1,2024
451,Derrick White,SG,29,BOS,11,11,31.3,4.5,9.5,.467,2.4,5.6,.419,2.1,3.9,.535,.590,2.4,2.8,.839,0.7,2.9,3.6,4.5,0.8,0.9,1.4,2.1,13.6,2024
452,Cam Whitmore,SF,19,HOU,3,0,7.7,1.0,3.0,.333,0.0,1.0,.000,1.0,2.0,.500,.333,0.3,0.7,.500,0.0,1.0,1.0,0.3,0.3,0.0,0.7,0.3,2.3,2024
453,Aaron Wiggins,SG,25,OKC,12,0,10.8,1.7,3.1,.541,0.4,1.2,.357,1.3,1.9,.652,.608,0.6,0.8,.778,0.3,1.4,1.8,0.7,0.5,0.1,0.7,0.8,4.3,2024
454,Andrew Wiggins,SF,28,GSW,15,15,26.9,4.8,11.4,.421,0.8,3.2,.250,4.0,8.2,.488,.456,1.6,2.9,.545,2.1,2.0,4.1,1.1,0.4,0.4,1.6,2.5,12.0,2024
455,Lindell Wigginton,PG,25,MIL,1,0,2.0,0.0,1.0,.000,0.0,1.0,.000,0.0,0.0,,.000,0.0,0.0,,0.0,0.0,0.0,0.0,0.0,0.0,1.0,1.0,0.0,2024
456,Grant Williams,PF,25,DAL,14,14,28.9,3.8,8.0,.473,2.6,5.6,.468,1.1,2.4,.485,.638,0.9,1.5,.571,1.1,2.6,3.6,1.6,0.3,0.6,0.9,2.3,11.1,2024
457,Jalen Williams,PF,22,OKC,13,13,33.2,6.5,12.6,.518,1.1,2.9,.368,5.5,9.7,.563,.561,3.4,3.8,.880,0.2,3.8,4.1,3.6,0.8,0.2,2.2,3.0,17.5,2024
458,Jaylin Williams,C,21,OKC,9,0,12.8,1.4,3.4,.419,0.4,1.9,.235,1.0,1.6,.643,.484,0.6,0.7,.833,0.6,3.2,3.8,1.4,0.6,0.2,0.4,1.8,3.9,2024
459,Jeenathan Williams,SG,24,HOU,2,0,6.5,2.0,3.5,.571,0.0,1.0,.000,2.0,2.5,.800,.571,0.5,1.0,.500,0.0,0.0,0.0,0.5,0.5,0.0,0.0,0.0,4.5,2024
460,Kenrich Williams,PF,29,OKC,4,0,15.8,2.0,3.8,.533,0.5,1.3,.400,1.5,2.5,.600,.600,0.3,0.5,.500,0.8,1.8,2.5,2.3,0.3,0.0,0.3,2.5,4.8,2024
461,Mark Williams,C,22,CHO,13,13,26.6,5.6,8.0,.702,0.0,0.0,,5.6,8.0,.702,.702,2.6,3.7,.708,4.2,5.8,10.0,1.5,0.9,0.8,1.1,2.3,13.8,2024
462,Patrick Williams,PF,22,CHI,15,6,22.1,2.0,6.1,.330,0.7,2.8,.262,1.3,3.3,.388,.390,1.1,1.3,.800,0.7,2.8,3.5,1.2,1.0,0.9,1.1,1.5,5.8,2024
463,Robert Williams,C,26,POR,6,0,19.8,2.8,4.3,.654,0.0,0.0,,2.8,4.3,.654,.654,1.2,1.5,.778,1.8,4.5,6.3,0.8,1.2,1.2,1.2,2.8,6.8,2024
464,Vince Williams Jr.,SG,23,MEM,5,0,9.6,0.8,2.4,.333,0.6,2.0,.300,0.2,0.4,.500,.458,1.4,1.6,.875,0.0,1.0,1.0,0.8,0.2,1.0,0.4,1.2,3.6,2024
465,Ziaire Williams,SF,22,MEM,12,8,25.4,3.1,8.7,.356,1.3,4.3,.288,1.8,4.3,.423,.428,1.4,1.6,.895,0.8,4.6,5.4,1.7,0.5,0.4,1.4,2.1,8.8,2024
466,Zion Williamson,PF,23,NOP,11,11,31.0,9.0,16.5,.544,0.1,0.2,.500,8.9,16.4,.544,.547,4.1,7.0,.584,2.4,3.6,6.0,4.5,1.0,0.4,2.7,2.7,22.2,2024
467,Jalen Wilson,PF,23,BRK,2,0,3.5,0.0,0.5,.000,0.0,0.0,,0.0,0.5,.000,.000,0.0,0.0,,0.0,0.5,0.5,0.0,0.0,0.5,0.0,0.0,0.0,2024
468,Dylan Windler,SF,27,NYK,3,0,2.3,0.3,0.7,.500,0.3,0.7,.500,0.0,0.0,,.750,0.0,0.0,,0.0,0.3,0.3,0.3,0.0,0.0,0.0,0.3,1.0,2024
469,James Wiseman,C,22,DET,8,0,11.3,2.4,3.9,.613,0.0,0.1,.000,2.4,3.8,.633,.613,0.5,0.9,.571,0.8,2.1,2.9,0.4,0.1,0.4,0.8,2.0,5.3,2024
470,Christian Wood,PF,28,LAL,14,1,20.6,2.3,5.4,.427,0.8,2.6,.306,1.5,2.8,.538,.500,1.1,1.9,.615,1.1,5.0,6.1,0.8,0.2,0.6,1.3,1.9,6.5,2024
471,Delon Wright,PG,31,WAS,8,0,17.6,1.4,3.8,.367,0.5,1.4,.364,0.9,2.4,.368,.433,1.8,2.0,.875,0.4,2.1,2.5,4.4,1.6,0.1,0.5,0.8,5.0,2024
472,Thaddeus Young,PF,35,TOR,3,0,3.3,0.7,1.3,.500,0.0,0.0,,0.7,1.3,.500,.500,0.0,0.7,.000,0.3,0.7,1.0,1.0,0.0,0.0,0.3,0.0,1.3,2024
473,Trae Young,PG,25,ATL,11,11,35.7,6.3,17.6,.356,2.0,7.1,.282,4.3,10.5,.405,.412,8.8,9.8,.898,0.6,2.0,2.6,11.1,1.5,0.0,4.1,1.5,23.4,2024
474,Omer Yurtseven,C,25,UTA,7,0,4.6,1.0,1.4,.700,0.1,0.4,.333,0.9,1.0,.857,.750,0.1,0.3,.500,0.4,1.1,1.6,0.4,0.0,0.1,0.1,0.9,2.3,2024
475,Cody Zeller,C,31,NOP,11,0,8.3,0.6,1.9,.333,0.0,0.1,.000,0.6,1.8,.350,.333,0.5,1.3,.357,1.2,2.2,3.4,0.9,0.2,0.1,0.4,0.9,1.7,2024
476,Ivica Zubac,C,26,LAC,12,12,25.7,4.2,7.1,.588,0.0,0.0,,4.2,7.1,.588,.588,1.9,3.1,.622,2.9,5.6,8.5,0.8,0.2,1.6,1.3,2.9,10.3,2024
